episodes,sum_agent_wins,sum_adver_wins,sum_agent_exceed_screen,sum_adver_exceed_screen,sum_agent_number_of_team_collisions,sum_agent_number_of_oppo_collisions,sum_adver_number_of_team_collisions,sum_adver_number_of_oppo_collisions,avg_agent_number_of_team_collisions,avg_agent_number_of_oppo_collisions,avg_adver_number_of_team_collisions,avg_adver_number_of_oppo_collisions,agent_elo,adver_elo
1,0,1,0,0,0,0,0,0,0.0,0.0,0.0,0.0,984.0,1016.0
2,0,2,0,0,0,0,0,0,0.0,0.0,0.0,0.0,969.4695015289755,1030.5304984710244
3,0,3,0,0,0,0,0,0,0.0,0.0,0.0,0.0,956.2528663663891,1043.747133633611
4,0,4,0,0,0,0,0,0,0.0,0.0,0.0,0.0,944.1990573710023,1055.8009426289977
5,0,5,0,0,0,0,0,0,0.0,0.0,0.0,0.0,933.1687543795999,1066.8312456204
6,0,6,0,0,0,0,0,0,0.0,0.0,0.0,0.0,923.0374294577985,1076.9625705422015
7,0,7,0,0,0,0,0,0,0.0,0.0,0.0,0.0,913.6959037914467,1086.3040962085533
8,0,8,0,0,0,0,0,0,0.0,0.0,0.0,0.0,905.0495323668632,1094.950467633137
9,0,9,0,0,0,0,0,0,0.0,0.0,0.0,0.0,897.0167599661112,1102.983240033889
10,0,10,0,0,0,0,0,0,0.0,0.0,0.0,0.0,889.5274825963792,1110.472517403621
11,0,11,0,0,0,0,0,0,0.0,0.0,0.0,0.0,882.5214442230744,1117.4785557769258
12,0,12,0,0,0,0,0,0,0.0,0.0,0.0,0.0,875.9467759045311,1124.053224095469
13,0,13,0,0,0,0,0,0,0.0,0.0,0.0,0.0,869.7587157846355,1130.2412842153647
14,0,14,0,0,0,0,0,0,0.0,0.0,0.0,0.0,863.9185127250682,1136.081487274932
15,0,15,0,0,0,0,0,0,0.0,0.0,0.0,0.0,858.3924995921623,1141.607500407838
16,0,16,0,0,0,0,0,0,0.0,0.0,0.0,0.0,853.1513157470688,1146.8486842529314
17,0,17,0,0,0,0,0,0,0.0,0.0,0.0,0.0,848.1692571215253,1151.830742878475
18,0,18,0,0,0,0,0,0,0.0,0.0,0.0,0.0,843.4237336047116,1156.5762663952885
19,0,19,0,0,0,0,0,0,0.0,0.0,0.0,0.0,838.8948158212903,1161.1051841787098
20,0,20,0,0,0,0,0,0,0.0,0.0,0.0,0.0,834.5648559791382,1165.4351440208618
21,0,21,0,0,0,0,0,0,0.0,0.0,0.0,0.0,830.4181699412483,1169.5818300587516
22,0,22,0,0,0,0,0,0,0.0,0.0,0.0,0.0,826.4407698775268,1173.559230122473
23,0,23,0,0,0,0,0,0,0.0,0.0,0.0,0.0,822.620138735978,1177.3798612640219
24,0,24,0,0,0,0,0,0,0.0,0.0,0.0,0.0,818.9450393489805,1181.0549606510194
25,0,25,0,0,0,0,0,0,0.0,0.0,0.0,0.0,815.4053522913781,1184.5946477086218
26,0,26,0,0,0,0,0,0,0.0,0.0,0.0,0.0,811.9919376722352,1188.0080623277647
27,0,27,0,0,0,0,0,0,0.0,0.0,0.0,0.0,808.6965169100661,1191.303483089934
28,0,28,0,0,0,0,0,0,0.0,0.0,0.0,0.0,805.5115712470475,1194.4884287529526
29,0,29,0,0,0,0,0,0,0.0,0.0,0.0,0.0,802.4302543311198,1197.5697456688802
30,0,30,0,0,0,0,0,0,0.0,0.0,0.0,0.0,799.4463166610363,1200.5536833389638
31,0,31,0,0,0,0,0,0,0.0,0.0,0.0,0.0,796.5540400688916,1203.4459599311085
32,0,32,0,0,0,0,0,0,0.0,0.0,0.0,0.0,793.7481807241645,1206.2518192758355
33,0,33,0,0,0,0,0,0,0.0,0.0,0.0,0.0,791.0239193963365,1208.9760806036634
34,0,34,0,0,0,0,0,0,0.0,0.0,0.0,0.0,788.3768179205487,1211.6231820794512
35,0,35,0,0,0,0,0,0,0.0,0.0,0.0,0.0,785.8027809812429,1214.197219018757
36,0,36,0,0,0,0,0,0,0.0,0.0,0.0,0.0,783.2980224692852,1216.7019775307147
37,0,37,0,0,0,0,0,0,0.0,0.0,0.0,0.0,780.8590357842976,1219.1409642157023
38,0,38,0,0,0,0,0,0,0.0,0.0,0.0,0.0,778.4825675503375,1221.5174324496625
39,0,39,0,0,0,0,0,0,0.0,0.0,0.0,0.0,776.1655942932873,1223.8344057067127
40,0,40,0,0,0,0,0,0,0.0,0.0,0.0,0.0,773.9053016952729,1226.094698304727
41,0,41,0,0,0,0,0,0,0.0,0.0,0.0,0.0,771.6990660974903,1228.3009339025095
42,0,42,0,0,0,0,0,0,0.0,0.0,0.0,0.0,769.5444379698947,1230.455562030105
43,0,43,0,0,0,0,0,0,0.0,0.0,0.0,0.0,767.4391271058565,1232.5608728941434
44,0,44,0,0,0,0,0,0,0.0,0.0,0.0,0.0,765.3809893333848,1234.6190106666152
45,0,45,0,0,0,0,0,0,0.0,0.0,0.0,0.0,763.368014562894,1236.6319854371059
46,0,46,0,0,0,0,0,0,0.0,0.0,0.0,0.0,761.3983160155964,1238.6016839844035
47,0,47,0,0,0,0,0,0,0.0,0.0,0.0,0.0,759.4701204971407,1240.529879502859
48,0,48,0,0,0,0,0,0,0.0,0.0,0.0,0.0,757.5817595986603,1242.4182404013395
49,0,49,0,0,0,0,0,0,0.0,0.0,0.0,0.0,755.731661722417,1244.2683382775826
50,0,50,0,0,0,0,0,0,0.0,0.0,0.0,0.0,753.9183448421288,1246.081655157871
51,0,51,0,0,0,0,0,0,0.0,0.0,0.0,0.0,752.1404099191715,1247.8595900808282
52,0,52,0,0,0,0,0,0,0.0,0.0,0.0,0.0,750.3965349054288,1249.6034650945708
53,0,53,0,0,0,0,0,0,0.0,0.0,0.0,0.0,748.6854692718489,1251.3145307281507
54,0,54,0,0,0,0,0,0,0.0,0.0,0.0,0.0,747.0060290089511,1252.9939709910484
55,0,55,0,0,0,0,0,0,0.0,0.0,0.0,0.0,745.3570920517692,1254.6429079482302
56,0,56,0,0,0,0,0,0,0.0,0.0,0.0,0.0,743.7375940871489,1256.2624059128507
57,0,57,0,0,0,0,0,0,0.0,0.0,0.0,0.0,742.1465247060639,1257.8534752939356
58,0,58,0,0,0,0,0,0,0.0,0.0,0.0,0.0,740.5829238677595,1259.41707613224
59,0,59,0,0,0,0,0,0,0.0,0.0,0.0,0.0,739.0458786461638,1260.9541213538357
60,0,60,0,0,0,0,0,0,0.0,0.0,0.0,0.0,737.5345202322018,1262.465479767798
61,0,61,0,0,0,0,0,0,0.0,0.0,0.0,0.0,736.0480211684464,1263.951978831553
62,0,62,0,0,0,0,0,0,0.0,0.0,0.0,0.0,734.5855927950189,1265.4144072049808
63,0,63,0,0,0,0,0,0,0.0,0.0,0.0,0.0,733.1464828878268,1266.853517112173
64,0,64,0,0,0,0,0,0,0.0,0.0,0.0,0.0,731.7299734721648,1268.270026527835
65,0,65,0,0,0,0,0,0,0.0,0.0,0.0,0.0,730.3353787964079,1269.6646212035919
66,0,66,0,0,0,0,0,0,0.0,0.0,0.0,0.0,728.9620434520456,1271.037956547954
67,0,67,0,0,0,0,0,0,0.0,0.0,0.0,0.0,727.6093406276556,1272.390659372344
68,0,68,0,0,0,0,0,0,0.0,0.0,0.0,0.0,726.2766704856135,1273.7233295143863
69,0,69,0,0,0,0,0,0,0.0,0.0,0.0,0.0,724.9634586514074,1275.0365413485924
70,0,70,0,0,0,0,0,0,0.0,0.0,0.0,0.0,723.669154806381,1276.3308451936189
71,0,71,0,0,0,0,0,0,0.0,0.0,0.0,0.0,722.3932313755843,1277.6067686244157
72,0,72,0,0,0,0,0,0,0.0,0.0,0.0,0.0,721.1351823031757,1278.8648176968243
73,0,73,0,0,0,0,0,0,0.0,0.0,0.0,0.0,719.894521908508,1280.105478091492
74,0,74,0,0,0,0,0,0,0.0,0.0,0.0,0.0,718.6707838166436,1281.3292161833563
75,0,75,0,0,0,0,0,0,0.0,0.0,0.0,0.0,717.4635199576036,1282.5364800423963
76,0,76,0,0,0,0,0,0,0.0,0.0,0.0,0.0,716.2722996291501,1283.7277003708498
77,0,77,0,0,0,0,0,0,0.0,0.0,0.0,0.0,715.0967086183559,1284.903291381644
78,0,78,0,0,0,0,0,0,0.0,0.0,0.0,0.0,713.9363483776175,1286.0636516223824
79,0,79,0,0,0,0,0,0,0.0,0.0,0.0,0.0,712.7908352511388,1287.2091647488612
80,0,80,0,0,0,0,0,0,0.0,0.0,0.0,0.0,711.6597997482428,1288.340200251757
81,0,81,0,0,0,0,0,0,0.0,0.0,0.0,0.0,710.5428858601716,1289.4571141398283
82,0,82,0,0,0,0,0,0,0.0,0.0,0.0,0.0,709.4397504173061,1290.5602495826938
83,0,83,0,0,0,0,0,0,0.0,0.0,0.0,0.0,708.3500624839868,1291.649937516013
84,0,84,0,0,0,0,0,0,0.0,0.0,0.0,0.0,707.2735027883431,1292.7264972116568
85,0,85,0,0,0,0,0,0,0.0,0.0,0.0,0.0,706.2097631847403,1293.7902368152595
86,0,86,0,0,0,0,0,0,0.0,0.0,0.0,0.0,705.1585461466453,1294.8414538533546
87,0,87,0,0,0,0,0,0,0.0,0.0,0.0,0.0,704.1195642878786,1295.8804357121212
88,0,88,0,0,0,0,0,0,0.0,0.0,0.0,0.0,703.0925399103777,1296.907460089622
89,0,89,0,0,0,1,0,1,0.0,1.0,0.0,1.0,702.0772045767399,1297.9227954232597
90,0,90,0,0,0,0,0,0,0.0,0.0,0.0,0.0,701.0732987059398,1298.9267012940597
91,0,91,0,0,0,0,0,0,0.0,0.0,0.0,0.0,700.0805711907395,1299.91942880926
92,0,92,0,0,0,0,0,0,0.0,0.0,0.0,0.0,699.0987790354161,1300.9012209645832
93,0,93,0,0,0,0,0,0,0.0,0.0,0.0,0.0,698.1276870125313,1301.8723129874681
94,0,94,0,0,0,0,0,0,0.0,0.0,0.0,0.0,697.1670673375619,1302.8329326624375
95,0,95,0,0,0,0,0,0,0.0,0.0,0.0,0.0,696.2166993602921,1303.7833006397072
96,0,96,0,0,0,0,0,0,0.0,0.0,0.0,0.0,695.2763692719468,1304.7236307280525
97,0,97,0,0,0,0,0,0,0.0,0.0,0.0,0.0,694.3458698271174,1305.6541301728819
98,0,98,0,0,0,0,0,0,0.0,0.0,0.0,0.0,693.4250000795968,1306.5749999204027
99,0,99,0,0,0,0,0,0,0.0,0.0,0.0,0.0,692.5135651312995,1307.4864348687
100,0,100,0,0,0,0,0,0,0.0,0.0,0.0,0.0,691.6113758935031,1308.3886241064963
101,0,101,0,0,0,0,0,0,0.0,0.0,0.0,0.0,690.7182488596927,1309.2817511403066
102,0,102,0,0,0,0,0,0,0.0,0.0,0.0,0.0,689.8340058893439,1310.1659941106554
103,0,103,0,0,0,0,0,0,0.0,0.0,0.0,0.0,688.958474002019,1311.0415259979804
104,0,104,0,0,0,0,0,0,0.0,0.0,0.0,0.0,688.0914851811962,1311.9085148188033
105,0,105,0,0,0,0,0,0,0.0,0.0,0.0,0.0,687.232876187286,1312.7671238127134
106,0,106,0,0,0,0,0,0,0.0,0.0,0.0,0.0,686.3824883793259,1313.6175116206737
107,0,107,0,0,0,0,0,0,0.0,0.0,0.0,0.0,685.5401675448762,1314.4598324551232
108,0,108,0,0,0,0,0,0,0.0,0.0,0.0,0.0,684.7057637376721,1315.2942362623273
109,0,109,0,0,0,0,0,0,0.0,0.0,0.0,0.0,683.8791311226099,1316.1208688773895
110,0,110,0,0,0,0,0,0,0.0,0.0,0.0,0.0,683.0601278276785,1316.939872172321
111,0,111,0,0,0,0,0,0,0.0,0.0,0.0,0.0,682.2486158024653,1317.751384197534
112,0,112,0,0,0,0,0,0,0.0,0.0,0.0,0.0,681.4444606828921,1318.555539317107
113,0,113,0,0,0,0,0,0,0.0,0.0,0.0,0.0,680.6475316618543,1319.352468338145
114,0,114,0,0,0,0,0,0,0.0,0.0,0.0,0.0,679.8577013654601,1320.142298634539
115,0,115,0,0,0,0,0,0,0.0,0.0,0.0,0.0,679.0748457345819,1320.9251542654172
116,0,116,0,0,0,0,0,0,0.0,0.0,0.0,0.0,678.2988439114481,1321.701156088551
117,0,117,0,0,0,0,0,0,0.0,0.0,0.0,0.0,677.5295781310231,1322.470421868976
118,0,118,0,0,0,0,0,0,0.0,0.0,0.0,0.0,676.7669336169353,1323.2330663830637
119,0,119,0,0,0,0,0,0,0.0,0.0,0.0,0.0,676.0107984817265,1323.9892015182725
120,0,120,0,0,0,0,0,0,0.0,0.0,0.0,0.0,675.261063631211,1324.738936368788
121,0,121,0,0,0,0,0,0,0.0,0.0,0.0,0.0,674.5176226727428,1325.4823773272562
122,0,122,0,0,0,0,0,0,0.0,0.0,0.0,0.0,673.7803718272025,1326.2196281727965
123,0,123,0,0,0,0,0,0,0.0,0.0,0.0,0.0,673.0492098445237,1326.9507901554755
124,0,124,0,0,0,0,0,0,0.0,0.0,0.0,0.0,672.3240379225914,1327.6759620774078
125,0,125,0,0,0,0,0,0,0.0,0.0,0.0,0.0,671.6047596293519,1328.3952403706473
126,0,126,0,0,0,0,0,0,0.0,0.0,0.0,0.0,670.8912808279833,1329.1087191720158
127,0,127,0,0,0,0,0,0,0.0,0.0,0.0,0.0,670.1835096049851,1329.816490395014
128,0,128,0,0,0,0,0,0,0.0,0.0,0.0,0.0,669.4813562010494,1330.5186437989496
129,0,129,0,0,0,0,0,0,0.0,0.0,0.0,0.0,668.7847329445885,1331.2152670554105
130,0,130,0,0,0,0,0,0,0.0,0.0,0.0,0.0,668.0935541877968,1331.9064458122023
131,0,131,0,0,0,0,0,0,0.0,0.0,0.0,0.0,667.4077362451313,1332.5922637548676
132,0,132,0,0,0,0,0,0,0.0,0.0,0.0,0.0,666.7271973341044,1333.2728026658947
133,0,133,0,0,0,0,0,0,0.0,0.0,0.0,0.0,666.051857518283,1333.948142481716
134,0,134,0,0,0,0,0,0,0.0,0.0,0.0,0.0,665.3816386523989,1334.6183613476
135,0,135,0,0,0,0,0,0,0.0,0.0,0.0,0.0,664.7164643294765,1335.2835356705225
136,0,136,0,0,0,0,0,0,0.0,0.0,0.0,0.0,664.0562598298885,1335.9437401701105
137,0,137,0,0,0,0,0,0,0.0,0.0,0.0,0.0,663.4009520722594,1336.5990479277395
138,0,138,0,0,0,0,0,0,0.0,0.0,0.0,0.0,662.7504695661333,1337.2495304338656
139,0,139,0,0,0,0,0,0,0.0,0.0,0.0,0.0,662.1047423663341,1337.8952576336649
140,0,140,0,0,0,0,0,0,0.0,0.0,0.0,0.0,661.4637020289438,1338.5362979710553
141,0,141,0,0,0,0,0,0,0.0,0.0,0.0,0.0,660.827281568832,1339.1727184311671
142,0,142,0,0,0,0,0,0,0.0,0.0,0.0,0.0,660.1954154186714,1339.8045845813276
143,0,143,0,0,0,0,0,0,0.0,0.0,0.0,0.0,659.5680393893778,1340.4319606106212
144,0,143,1,0,0,0,0,0,0.0,0.0,0.0,0.0,674.9450906319147,1325.0549093680843
145,0,144,1,0,0,0,0,0,0.0,0.0,0.0,0.0,674.204286735099,1325.7957132649
146,0,145,1,0,0,0,0,0,0.0,0.0,0.0,0.0,673.4696297182838,1326.5303702817152
147,0,146,1,0,0,0,0,0,0.0,0.0,0.0,0.0,672.7410193790203,1327.258980620979
148,0,147,1,0,0,0,0,0,0.0,0.0,0.0,0.0,672.0183579294028,1327.9816420705965
149,0,148,1,0,0,0,0,0,0.0,0.0,0.0,0.0,671.3015499194951,1328.6984500805042
150,0,149,1,0,0,1,0,1,0.0,1.0,0.0,1.0,670.5905021637552,1329.409497836244
151,0,150,1,0,0,1,0,1,0.0,1.0,0.0,1.0,669.8851236703201,1330.1148763296792
152,0,151,1,0,0,0,0,0,0.0,0.0,0.0,0.0,669.1853255730192,1330.81467442698
153,0,152,1,0,0,0,0,0,0.0,0.0,0.0,0.0,668.4910210659903,1331.508978934009
154,0,153,1,0,0,0,0,0,0.0,0.0,0.0,0.0,667.8021253407803,1332.197874659219
155,0,154,1,0,0,0,0,0,0.0,0.0,0.0,0.0,667.11855552582,1332.8814444741793
156,0,155,1,0,0,0,0,0,0.0,0.0,0.0,0.0,666.4402306281638,1333.5597693718355
157,0,156,1,0,0,0,0,0,0.0,0.0,0.0,0.0,665.7670714773958,1334.2329285226035
158,0,157,1,0,0,0,0,0,0.0,0.0,0.0,0.0,665.0990006716066,1334.9009993283926
159,0,158,1,0,0,0,0,0,0.0,0.0,0.0,0.0,664.4359425253491,1335.56405747465
160,0,159,1,0,0,0,0,0,0.0,0.0,0.0,0.0,663.7778230194874,1336.222176980512
161,0,160,1,0,0,0,0,0,0.0,0.0,0.0,0.0,663.1245697528577,1336.8754302471416
162,0,161,1,0,0,0,0,0,0.0,0.0,0.0,0.0,662.4761118956632,1337.5238881043363
163,0,162,1,0,0,0,0,0,0.0,0.0,0.0,0.0,661.8323801445279,1338.1676198554715
164,0,163,1,0,0,0,0,0,0.0,0.0,0.0,0.0,661.1933066791418,1338.8066933208574
165,0,164,1,0,0,0,0,0,0.0,0.0,0.0,0.0,660.5588251204277,1339.4411748795715
166,0,165,1,0,0,0,0,0,0.0,0.0,0.0,0.0,659.9288704901683,1340.071129509831
167,0,166,1,0,0,0,0,0,0.0,0.0,0.0,0.0,659.3033791720309,1340.6966208279684
168,0,167,1,0,0,0,0,0,0.0,0.0,0.0,0.0,658.6822888739355,1341.3177111260638
169,0,168,1,0,0,0,0,0,0.0,0.0,0.0,0.0,658.0655385917073,1341.934461408292
170,0,169,1,0,0,0,0,0,0.0,0.0,0.0,0.0,657.4530685739649,1342.5469314260345
171,0,170,1,0,0,0,0,0,0.0,0.0,0.0,0.0,656.8448202881918,1343.1551797118075
172,0,171,1,0,0,0,0,0,0.0,0.0,0.0,0.0,656.240736387946,1343.7592636120532
173,0,172,1,0,0,0,0,0,0.0,0.0,0.0,0.0,655.6407606811598,1344.3592393188394
174,0,173,1,0,0,0,0,0,0.0,0.0,0.0,0.0,655.0448380994898,1344.9551619005094
175,0,174,1,0,0,0,0,0,0.0,0.0,0.0,0.0,654.4529146686721,1345.547085331327
176,0,175,1,0,0,0,0,0,0.0,0.0,0.0,0.0,653.8649374798474,1346.1350625201517
177,0,176,1,0,0,0,0,0,0.0,0.0,0.0,0.0,653.2808546618149,1346.7191453381843
178,0,177,1,0,0,0,0,0,0.0,0.0,0.0,0.0,652.7006153541814,1347.2993846458178
179,0,178,1,0,0,0,0,0,0.0,0.0,0.0,0.0,652.1241696813702,1347.875830318629
180,0,179,1,0,0,0,0,0,0.0,0.0,0.0,0.0,651.5514687274576,1348.4485312725415
181,0,180,1,0,0,0,0,0,0.0,0.0,0.0,0.0,650.9824645118055,1349.0175354881935
182,0,181,1,0,0,0,0,0,0.0,0.0,0.0,0.0,650.4171099654595,1349.5828900345393
183,0,182,1,0,0,0,0,0,0.0,0.0,0.0,0.0,649.8553589082858,1350.144641091713
184,0,183,1,0,0,0,0,0,0.0,0.0,0.0,0.0,649.2971660268164,1350.7028339731826
185,0,184,1,0,0,0,0,0,0.0,0.0,0.0,0.0,648.7424868527796,1351.2575131472195
186,0,185,1,0,0,0,0,0,0.0,0.0,0.0,0.0,648.1912777422884,1351.8087222577108
187,0,186,1,0,0,0,0,0,0.0,0.0,0.0,0.0,647.643495855664,1352.356504144335
188,0,187,1,0,0,0,0,0,0.0,0.0,0.0,0.0,647.0990991378708,1352.9009008621283
189,0,188,1,0,0,0,0,0,0.0,0.0,0.0,0.0,646.5580462995407,1353.4419537004585
190,0,189,1,0,0,0,0,0,0.0,0.0,0.0,0.0,646.0202967985665,1353.9797032014326
191,0,190,1,0,0,0,0,0,0.0,0.0,0.0,0.0,645.4858108222431,1354.514189177756
192,0,191,1,0,0,0,0,0,0.0,0.0,0.0,0.0,644.9545492699374,1355.0454507300617
193,0,192,1,0,0,0,0,0,0.0,0.0,0.0,0.0,644.4264737362682,1355.5735262637309
194,0,193,1,0,0,0,0,0,0.0,0.0,0.0,0.0,643.9015464947792,1356.0984535052198
195,0,194,1,0,0,0,0,0,0.0,0.0,0.0,0.0,643.379730482086,1356.620269517913
196,0,195,1,0,0,0,0,0,0.0,0.0,0.0,0.0,642.8609892824828,1357.1390107175162
197,0,196,1,0,0,0,0,0,0.0,0.0,0.0,0.0,642.3452871129911,1357.654712887008
198,0,197,1,0,0,0,0,0,0.0,0.0,0.0,0.0,641.8325888088364,1358.1674111911625
199,0,198,1,0,0,0,0,0,0.0,0.0,0.0,0.0,641.3228598093388,1358.67714019066
200,0,199,1,0,0,0,0,0,0.0,0.0,0.0,0.0,640.8160661442012,1359.1839338557977
201,0,200,1,0,0,0,0,0,0.0,0.0,0.0,0.0,640.3121744201849,1359.687825579814
202,0,201,1,0,0,0,0,0,0.0,0.0,0.0,0.0,639.8111518081566,1360.1888481918422
203,0,202,1,0,0,0,0,0,0.0,0.0,0.0,0.0,639.312966030497,1360.687033969502
204,0,203,1,0,0,0,0,0,0.0,0.0,0.0,0.0,638.8175853488565,1361.1824146511426
205,0,204,1,0,0,0,0,0,0.0,0.0,0.0,0.0,638.324978552249,1361.67502144775
206,0,205,1,0,0,0,0,0,0.0,0.0,0.0,0.0,637.8351149454714,1362.1648850545275
207,0,206,1,0,0,0,0,0,0.0,0.0,0.0,0.0,637.3479643378379,1362.652035662161
208,0,207,1,0,0,0,0,0,0.0,0.0,0.0,0.0,636.8634970322196,1363.1365029677795
209,0,208,1,0,0,0,0,0,0.0,0.0,0.0,0.0,636.3816838143796,1363.6183161856195
210,0,209,1,0,0,0,0,0,0.0,0.0,0.0,0.0,635.9024959425938,1364.0975040574053
211,0,210,1,0,0,0,0,0,0.0,0.0,0.0,0.0,635.4259051375478,1364.5740948624511
212,0,211,1,0,0,0,0,0,0.0,0.0,0.0,0.0,634.9518835725028,1365.0481164274963
213,0,212,1,0,0,0,0,0,0.0,0.0,0.0,0.0,634.4804038637192,1365.51959613628
214,0,213,1,0,0,0,0,0,0.0,0.0,0.0,0.0,634.0114390611335,1365.9885609388657
215,0,214,1,0,0,0,0,0,0.0,0.0,0.0,0.0,633.5449626392768,1366.4550373607224
216,0,215,1,0,0,0,0,0,0.0,0.0,0.0,0.0,633.0809484884304,1366.9190515115688
217,0,216,1,0,0,0,0,0,0.0,0.0,0.0,0.0,632.619370906009,1367.3806290939901
218,0,217,1,0,0,0,0,0,0.0,0.0,0.0,0.0,632.160204588166,1367.839795411833
219,0,218,1,0,0,0,0,0,0.0,0.0,0.0,0.0,631.7034246216139,1368.2965753783851
220,0,219,1,0,0,0,0,0,0.0,0.0,0.0,0.0,631.2490064756513,1368.7509935243477
221,0,220,1,0,0,0,0,0,0.0,0.0,0.0,0.0,630.7969259943936,1369.2030740056052
222,0,221,1,0,0,0,0,0,0.0,0.0,0.0,0.0,630.3471593891985,1369.6528406108002
223,0,222,1,0,0,0,0,0,0.0,0.0,0.0,0.0,629.8996832312814,1370.1003167687172
224,0,223,1,0,0,0,0,0,0.0,0.0,0.0,0.0,629.4544744445154,1370.5455255554832
225,0,224,1,0,0,0,0,0,0.0,0.0,0.0,0.0,629.0115102984097,1370.9884897015888
226,0,225,1,0,0,0,0,0,0.0,0.0,0.0,0.0,628.5707684012617,1371.4292315987368
227,0,226,1,0,0,0,0,0,0.0,0.0,0.0,0.0,628.1322266934774,1371.867773306521
228,0,227,1,0,0,0,0,0,0.0,0.0,0.0,0.0,627.6958634410552,1372.3041365589434
229,0,228,1,0,0,0,0,0,0.0,0.0,0.0,0.0,627.261657229228,1372.7383427707705
230,0,229,1,0,0,0,0,0,0.0,0.0,0.0,0.0,626.8295869562605,1373.1704130437379
231,0,230,1,0,0,0,0,0,0.0,0.0,0.0,0.0,626.3996318273945,1373.6003681726038
232,0,231,1,0,0,0,0,0,0.0,0.0,0.0,0.0,625.9717713489406,1374.0282286510578
233,0,232,1,0,0,0,0,0,0.0,0.0,0.0,0.0,625.5459853225109,1374.4540146774875
234,0,233,1,0,0,0,0,0,0.0,0.0,0.0,0.0,625.1222538393883,1374.87774616061
235,0,234,1,0,0,0,0,0,0.0,0.0,0.0,0.0,624.7005572750302,1375.2994427249682
236,0,235,1,0,0,1,0,1,0.0,1.0,0.0,1.0,624.2808762836999,1375.7191237162986
237,0,236,1,0,0,0,0,0,0.0,0.0,0.0,0.0,623.8631917932256,1376.1368082067727
238,0,237,1,0,0,0,0,0,0.0,0.0,0.0,0.0,623.4474849998809,1376.5525150001174
239,0,238,1,0,0,0,0,0,0.0,0.0,0.0,0.0,623.0337373633838,1376.9662626366146
240,0,239,1,0,0,0,0,0,0.0,0.0,0.0,0.0,622.6219306020125,1377.3780693979859
241,0,240,1,0,0,0,0,0,0.0,0.0,0.0,0.0,622.2120466878328,1377.7879533121657
242,0,241,1,0,0,0,0,0,0.0,0.0,0.0,0.0,621.8040678420347,1378.1959321579639
243,0,242,1,0,0,0,0,0,0.0,0.0,0.0,0.0,621.3979765303761,1378.6020234696223
244,0,243,1,0,0,0,0,0,0.0,0.0,0.0,0.0,620.9937554587298,1379.0062445412686
245,0,244,1,0,0,0,0,0,0.0,0.0,0.0,0.0,620.5913875687303,1379.408612431268
246,0,245,1,0,0,1,0,1,0.0,1.0,0.0,1.0,620.1908560335199,1379.8091439664784
247,0,246,1,0,0,0,0,0,0.0,0.0,0.0,0.0,619.7921442535892,1380.2078557464092
248,0,247,1,0,0,0,0,0,0.0,0.0,0.0,0.0,619.3952358527105,1380.6047641472878
249,0,248,1,0,0,0,0,0,0.0,0.0,0.0,0.0,619.000114673962,1380.9998853260363
250,0,249,1,0,0,0,0,0,0.0,0.0,0.0,0.0,618.6067647758396,1381.3932352241586
251,0,250,1,0,0,0,0,0,0.0,0.0,0.0,0.0,618.2151704284539,1381.7848295715442
252,0,251,1,0,0,0,0,0,0.0,0.0,0.0,0.0,617.8253161098116,1382.1746838901863
253,0,252,1,0,0,0,0,0,0.0,0.0,0.0,0.0,617.437186502177,1382.562813497821
254,0,253,1,0,0,0,0,0,0.0,0.0,0.0,0.0,617.050766488513,1382.949233511485
255,0,254,1,0,0,0,0,0,0.0,0.0,0.0,0.0,616.6660411489994,1383.3339588509987
256,0,255,1,0,0,0,0,0,0.0,0.0,0.0,0.0,616.2829957576258,1383.7170042423722
257,0,256,1,0,0,0,0,0,0.0,0.0,0.0,0.0,615.901615778858,1384.0983842211401
258,0,257,1,0,0,0,0,0,0.0,0.0,0.0,0.0,615.5218868643748,1384.4781131356233
259,0,258,1,0,0,0,0,0,0.0,0.0,0.0,0.0,615.1437948498756,1384.8562051501224
260,0,259,1,0,0,0,0,0,0.0,0.0,0.0,0.0,614.7673257519543,1385.2326742480436
261,0,260,1,0,0,0,0,0,0.0,0.0,0.0,0.0,614.3924657650401,1385.607534234958
262,0,261,1,0,0,0,0,0,0.0,0.0,0.0,0.0,614.0192012584017,1385.9807987415963
263,0,262,1,0,0,0,0,0,0.0,0.0,0.0,0.0,613.6475187732151,1386.3524812267829
264,0,263,1,0,0,0,0,0,0.0,0.0,0.0,0.0,613.277405019692,1386.722594980306
265,0,264,1,0,0,0,0,0,0.0,0.0,0.0,0.0,612.9088468742675,1387.0911531257304
266,0,265,1,0,0,0,0,0,0.0,0.0,0.0,0.0,612.5418313768467,1387.458168623151
267,0,266,1,0,0,0,0,0,0.0,0.0,0.0,0.0,612.1763457281077,1387.8236542718903
268,0,267,1,0,0,0,0,0,0.0,0.0,0.0,0.0,611.8123772868588,1388.1876227131393
269,0,268,1,0,0,0,0,0,0.0,0.0,0.0,0.0,611.4499135674517,1388.5500864325463
270,0,269,1,0,0,0,0,0,0.0,0.0,0.0,0.0,611.0889422372458,1388.9110577627523
271,0,270,1,0,0,0,0,0,0.0,0.0,0.0,0.0,610.7294511141238,1389.2705488858744
272,0,271,1,0,0,0,0,0,0.0,0.0,0.0,0.0,610.3714281640584,1389.6285718359397
273,0,272,1,0,0,0,0,0,0.0,0.0,0.0,0.0,610.0148614987273,1389.9851385012707
274,0,273,1,0,0,0,0,0,0.0,0.0,0.0,0.0,609.6597393731757,1390.3402606268223
275,0,274,1,0,0,0,0,0,0.0,0.0,0.0,0.0,609.3060501835259,1390.693949816472
276,0,275,1,0,0,0,0,0,0.0,0.0,0.0,0.0,608.9537824647321,1391.046217535266
277,0,276,1,0,0,0,0,0,0.0,0.0,0.0,0.0,608.6029248883793,1391.3970751116185
278,0,277,1,0,0,0,0,0,0.0,0.0,0.0,0.0,608.2534662605268,1391.746533739471
279,0,278,1,0,0,0,0,0,0.0,0.0,0.0,0.0,607.905395519592,1392.0946044804057
280,0,279,1,0,0,0,0,0,0.0,0.0,0.0,0.0,607.5587017342776,1392.44129826572
281,0,280,1,0,0,0,0,0,0.0,0.0,0.0,0.0,607.2133741015377,1392.7866258984598
282,0,281,1,0,0,0,0,0,0.0,0.0,0.0,0.0,606.8694019445842,1393.1305980554132
283,0,282,1,0,0,0,0,0,0.0,0.0,0.0,0.0,606.5267747109311,1393.4732252890662
284,0,283,1,0,0,0,0,0,0.0,0.0,0.0,0.0,606.1854819704772,1393.8145180295203
285,0,284,1,0,0,0,0,0,0.0,0.0,0.0,0.0,605.8455134136248,1394.1544865863727
286,0,285,1,0,0,0,0,0,0.0,0.0,0.0,0.0,605.5068588494346,1394.493141150563
287,0,286,1,0,0,0,0,0,0.0,0.0,0.0,0.0,605.1695082038163,1394.8304917961811
288,0,287,1,0,0,0,0,0,0.0,0.0,0.0,0.0,604.8334515177526,1395.166548482245
289,0,288,1,0,0,0,0,0,0.0,0.0,0.0,0.0,604.4986789455568,1395.5013210544407
290,0,289,1,0,0,0,0,0,0.0,0.0,0.0,0.0,604.1651807531643,1395.8348192468331
291,0,290,1,0,0,0,0,0,0.0,0.0,0.0,0.0,603.8329473164549,1396.1670526835426
292,0,291,1,0,0,0,0,0,0.0,0.0,0.0,0.0,603.5019691196069,1396.4980308803906
293,0,292,1,0,0,0,0,0,0.0,0.0,0.0,0.0,603.1722367534819,1396.8277632465156
294,0,293,1,0,0,0,0,0,0.0,0.0,0.0,0.0,602.8437409140395,1397.156259085958
295,0,294,1,0,0,0,0,0,0.0,0.0,0.0,0.0,602.5164724007811,1397.4835275992164
296,0,295,1,0,0,0,0,0,0.0,0.0,0.0,0.0,602.190422115223,1397.8095778847746
297,0,296,1,0,0,0,0,0,0.0,0.0,0.0,0.0,601.865581059396,1398.1344189406016
298,0,297,1,0,0,0,0,0,0.0,0.0,0.0,0.0,601.5419403343748,1398.4580596656228
299,0,298,1,0,0,0,0,0,0.0,0.0,0.0,0.0,601.2194911388314,1398.7805088611663
300,0,299,1,0,0,0,0,0,0.0,0.0,0.0,0.0,600.8982247676172,1399.1017752323805
301,0,300,1,0,0,0,0,0,0.0,0.0,0.0,0.0,600.5781326103692,1399.4218673896287
302,0,301,1,0,0,0,0,0,0.0,0.0,0.0,0.0,600.2592061501417,1399.7407938498561
303,0,302,1,0,0,0,0,0,0.0,0.0,0.0,0.0,599.941436962063,1400.0585630379348
304,0,303,1,0,0,0,0,0,0.0,0.0,0.0,0.0,599.6248167120154,1400.3751832879823
305,0,304,1,0,0,0,0,0,0.0,0.0,0.0,0.0,599.3093371553394,1400.6906628446582
306,0,305,1,0,0,0,0,0,0.0,0.0,0.0,0.0,598.9949901355604,1401.0050098644372
307,0,306,1,0,0,0,0,0,0.0,0.0,0.0,0.0,598.6817675831381,1401.3182324168595
308,0,307,1,0,0,0,0,0,0.0,0.0,0.0,0.0,598.369661514238,1401.6303384857595
309,0,308,1,0,0,0,0,0,0.0,0.0,0.0,0.0,598.0586640295247,1401.941335970473
310,0,309,1,0,0,0,0,0,0.0,0.0,0.0,0.0,597.7487673129758,1402.251232687022
311,0,310,1,0,0,0,0,0,0.0,0.0,0.0,0.0,597.4399636307169,1402.5600363692809
312,0,311,1,0,0,0,0,0,0.0,0.0,0.0,0.0,597.1322453298769,1402.8677546701208
313,0,312,1,0,0,0,0,0,0.0,0.0,0.0,0.0,596.825604837463,1403.174395162535
314,0,313,1,0,0,0,0,0,0.0,0.0,0.0,0.0,596.5200346592546,1403.4799653407433
315,0,314,1,0,0,0,0,0,0.0,0.0,0.0,0.0,596.2155273787178,1403.7844726212802
316,0,315,1,0,0,0,0,0,0.0,0.0,0.0,0.0,595.9120756559363,1404.0879243440618
317,0,316,1,0,0,0,0,0,0.0,0.0,0.0,0.0,595.6096722265628,1404.3903277734353
318,0,317,1,0,0,0,0,0,0.0,0.0,0.0,0.0,595.3083099007866,1404.6916900992114
319,0,318,1,0,0,0,0,0,0.0,0.0,0.0,0.0,595.0079815623196,1404.9920184376783
320,0,319,1,0,0,0,0,0,0.0,0.0,0.0,0.0,594.7086801673994,1405.2913198325987
321,0,320,1,0,0,0,0,0,0.0,0.0,0.0,0.0,594.4103987438085,1405.5896012561896
322,0,321,1,0,0,0,0,0,0.0,0.0,0.0,0.0,594.1131303899111,1405.886869610087
323,0,322,1,0,0,0,0,0,0.0,0.0,0.0,0.0,593.8168682737053,1406.183131726293
324,0,323,1,0,0,0,0,0,0.0,0.0,0.0,0.0,593.521605631891,1406.4783943681073
325,0,324,1,0,0,0,0,0,0.0,0.0,0.0,0.0,593.2273357689542,1406.772664231044
326,0,325,1,0,0,0,0,0,0.0,0.0,0.0,0.0,592.9340520562653,1407.065947943733
327,0,326,1,0,0,0,0,0,0.0,0.0,0.0,0.0,592.6417479311933,1407.3582520688049
328,0,327,1,0,0,0,0,0,0.0,0.0,0.0,0.0,592.3504168962343,1407.649583103764
329,0,328,1,0,0,0,0,0,0.0,0.0,0.0,0.0,592.0600525181537,1407.9399474818445
330,0,329,1,0,0,0,0,0,0.0,0.0,0.0,0.0,591.7706484271437,1408.2293515728545
331,0,330,1,0,0,0,0,0,0.0,0.0,0.0,0.0,591.482198315993,1408.5178016840052
332,0,331,1,0,0,0,0,0,0.0,0.0,0.0,0.0,591.1946959392716,1408.8053040607267
333,0,332,1,0,0,0,0,0,0.0,0.0,0.0,0.0,590.9081351125277,1409.0918648874706
334,0,333,1,0,0,0,0,0,0.0,0.0,0.0,0.0,590.622509711498,1409.3774902885002
335,0,334,1,0,0,0,0,0,0.0,0.0,0.0,0.0,590.3378136713305,1409.6621863286678
336,0,335,1,0,0,0,0,0,0.0,0.0,0.0,0.0,590.0540409858204,1409.945959014178
337,0,336,1,0,0,0,0,0,0.0,0.0,0.0,0.0,589.771185706657,1410.2288142933414
338,0,337,1,0,0,0,0,0,0.0,0.0,0.0,0.0,589.4892419426843,1410.5107580573142
339,0,338,1,0,0,0,0,0,0.0,0.0,0.0,0.0,589.2082038591718,1410.7917961408266
340,0,339,1,0,0,0,0,0,0.0,0.0,0.0,0.0,588.928065677098,1411.0719343229005
341,0,340,1,0,0,0,0,0,0.0,0.0,0.0,0.0,588.6488216724441,1411.3511783275544
342,0,341,1,0,0,0,0,0,0.0,0.0,0.0,0.0,588.3704661755003,1411.6295338244981
343,0,342,1,0,0,0,0,0,0.0,0.0,0.0,0.0,588.0929935701815,1411.9070064298169
344,0,343,1,0,0,0,0,0,0.0,0.0,0.0,0.0,587.816398293355,1412.1836017066435
345,0,344,1,0,0,0,0,0,0.0,0.0,0.0,0.0,587.5406748341773,1412.4593251658212
346,0,345,1,0,0,0,0,0,0.0,0.0,0.0,0.0,587.2658177334428,1412.7341822665555
347,0,346,1,0,0,0,0,0,0.0,0.0,0.0,0.0,586.9918215829415,1413.0081784170568
348,0,347,1,0,0,0,0,0,0.0,0.0,0.0,0.0,586.718681024827,1413.2813189751712
349,0,348,1,0,0,0,0,0,0.0,0.0,0.0,0.0,586.4463907509942,1413.553609249004
350,0,349,1,0,0,0,0,0,0.0,0.0,0.0,0.0,586.1749455024664,1413.8250544975317
351,0,350,1,0,0,0,0,0,0.0,0.0,0.0,0.0,585.9043400687923,1414.0956599312058
352,0,351,1,0,0,0,0,0,0.0,0.0,0.0,0.0,585.6345692874518,1414.3654307125464
353,0,352,1,0,0,0,0,0,0.0,0.0,0.0,0.0,585.3656280432706,1414.6343719567276
354,0,353,1,0,0,0,0,0,0.0,0.0,0.0,0.0,585.0975112678445,1414.9024887321536
355,0,354,1,0,0,0,0,0,0.0,0.0,0.0,0.0,584.8302139389718,1415.1697860610263
356,0,355,1,0,0,0,0,0,0.0,0.0,0.0,0.0,584.5637310800943,1415.436268919904
357,0,356,1,0,0,0,0,0,0.0,0.0,0.0,0.0,584.2980577597467,1415.7019422402516
358,0,357,1,0,0,0,0,0,0.0,0.0,0.0,0.0,584.033189091015,1415.9668109089835
359,0,358,1,0,0,0,0,0,0.0,0.0,0.0,0.0,583.7691202310016,1416.2308797689968
360,0,359,1,0,0,0,0,0,0.0,0.0,0.0,0.0,583.5058463802999,1416.4941536196986
361,0,360,1,0,0,0,0,0,0.0,0.0,0.0,0.0,583.2433627824755,1416.756637217523
362,0,361,1,0,0,0,0,0,0.0,0.0,0.0,0.0,582.981664723556,1417.0183352764425
363,0,362,1,0,0,0,0,0,0.0,0.0,0.0,0.0,582.7207475315275,1417.279252468471
364,0,363,1,0,0,0,0,0,0.0,0.0,0.0,0.0,582.4606065758393,1417.5393934241592
365,0,364,1,0,0,0,0,0,0.0,0.0,0.0,0.0,582.2012372669154,1417.798762733083
366,0,365,1,0,0,0,0,0,0.0,0.0,0.0,0.0,581.9426350556733,1418.0573649443252
367,0,366,1,0,0,0,0,0,0.0,0.0,0.0,0.0,581.6847954330501,1418.3152045669485
368,0,367,1,0,0,0,0,0,0.0,0.0,0.0,0.0,581.4277139295347,1418.5722860704639
369,0,368,1,0,0,0,0,0,0.0,0.0,0.0,0.0,581.1713861147078,1418.8286138852907
370,0,369,1,0,0,0,0,0,0.0,0.0,0.0,0.0,580.9158075967882,1419.0841924032104
371,0,370,1,0,0,0,0,0,0.0,0.0,0.0,0.0,580.660974022185,1419.3390259778137
372,0,371,1,0,0,0,0,0,0.0,0.0,0.0,0.0,580.4068810750573,1419.5931189249413
373,0,372,1,0,0,0,0,0,0.0,0.0,0.0,0.0,580.1535244768797,1419.846475523119
374,0,373,1,0,0,0,0,0,0.0,0.0,0.0,0.0,579.9008999860139,1420.0991000139848
375,0,374,1,0,0,0,0,0,0.0,0.0,0.0,0.0,579.6490033972866,1420.350996602712
376,0,375,1,0,0,0,0,0,0.0,0.0,0.0,0.0,579.3978305415735,1420.6021694584251
377,0,376,1,0,0,0,0,0,0.0,0.0,0.0,0.0,579.1473772853892,1420.8526227146094
378,0,377,1,0,0,0,0,0,0.0,0.0,0.0,0.0,578.8976395304825,1421.102360469516
379,0,378,1,0,0,0,0,0,0.0,0.0,0.0,0.0,578.6486132134379,1421.3513867865606
380,0,379,1,0,0,0,0,0,0.0,0.0,0.0,0.0,578.4002943052828,1421.5997056947158
381,0,380,1,0,0,0,0,0,0.0,0.0,0.0,0.0,578.1526788110996,1421.847321188899
382,0,381,1,0,0,0,0,0,0.0,0.0,0.0,0.0,577.9057627696435,1422.0942372303552
383,0,382,1,0,0,0,0,0,0.0,0.0,0.0,0.0,577.6595422529663,1422.3404577470324
384,0,383,1,0,0,0,0,0,0.0,0.0,0.0,0.0,577.4140133660443,1422.5859866339542
385,0,384,1,0,0,0,0,0,0.0,0.0,0.0,0.0,577.1691722464124,1422.8308277535862
386,0,385,1,0,0,0,0,0,0.0,0.0,0.0,0.0,576.9250150638023,1423.0749849361962
387,0,386,1,0,0,0,0,0,0.0,0.0,0.0,0.0,576.6815380197868,1423.3184619802116
388,0,387,1,0,0,0,0,0,0.0,0.0,0.0,0.0,576.438737347428,1423.5612626525706
389,0,388,1,0,0,0,0,0,0.0,0.0,0.0,0.0,576.1966093109306,1423.803390689068
390,0,389,1,0,0,0,0,0,0.0,0.0,0.0,0.0,575.9551502053008,1424.044849794698
391,0,390,1,0,0,0,0,0,0.0,0.0,0.0,0.0,575.7143563560084,1424.2856436439904
392,0,391,1,0,0,0,0,0,0.0,0.0,0.0,0.0,575.4742241186545,1424.5257758813443
393,0,392,1,0,0,0,0,0,0.0,0.0,0.0,0.0,575.2347498786439,1424.765250121355
394,0,393,1,0,0,0,0,0,0.0,0.0,0.0,0.0,574.9959300508608,1425.004069949138
395,0,394,1,0,0,0,0,0,0.0,0.0,0.0,0.0,574.7577610793502,1425.2422389206486
396,0,395,1,0,0,0,0,0,0.0,0.0,0.0,0.0,574.5202394370026,1425.4797605629963
397,0,396,1,0,0,0,0,0,0.0,0.0,0.0,0.0,574.2833616252435,1425.7166383747553
398,0,397,1,0,0,0,0,0,0.0,0.0,0.0,0.0,574.047124173727,1425.9528758262718
399,0,398,1,0,0,0,0,0,0.0,0.0,0.0,0.0,573.8115236400331,1426.1884763599658
400,0,399,1,0,0,0,0,0,0.0,0.0,0.0,0.0,573.5765566093697,1426.4234433906292
401,0,400,1,0,0,0,0,0,0.0,0.0,0.0,0.0,573.3422196942779,1426.657780305721
402,0,401,1,0,0,0,0,0,0.0,0.0,0.0,0.0,573.1085095343417,1426.8914904656572
403,0,402,1,0,0,0,0,0,0.0,0.0,0.0,0.0,572.8754227959012,1427.1245772040977
404,0,403,1,0,0,0,0,0,0.0,0.0,0.0,0.0,572.6429561717698,1427.357043828229
405,0,404,1,0,0,0,0,0,0.0,0.0,0.0,0.0,572.4111063809552,1427.5888936190438
406,0,405,1,0,0,0,0,0,0.0,0.0,0.0,0.0,572.1798701683836,1427.8201298316155
407,0,406,1,0,0,0,0,0,0.0,0.0,0.0,0.0,571.949244304628,1428.050755695371
408,0,407,1,0,0,0,0,0,0.0,0.0,0.0,0.0,571.7192255856402,1428.2807744143588
409,0,408,1,0,0,0,0,0,0.0,0.0,0.0,0.0,571.4898108324853,1428.5101891675135
410,0,409,1,0,0,0,0,0,0.0,0.0,0.0,0.0,571.260996891081,1428.7390031089178
411,0,410,1,0,0,0,0,0,0.0,0.0,0.0,0.0,571.0327806319392,1428.9672193680597
412,0,411,1,0,0,0,0,0,0.0,0.0,0.0,0.0,570.8051589499113,1429.1948410500877
413,0,412,1,0,0,0,0,0,0.0,0.0,0.0,0.0,570.578128763937,1429.4218712360619
414,0,413,1,0,0,0,0,0,0.0,0.0,0.0,0.0,570.3516870167963,1429.6483129832025
415,0,414,1,0,0,0,0,0,0.0,0.0,0.0,0.0,570.1258306748642,1429.8741693251345
416,0,415,1,0,0,0,0,0,0.0,0.0,0.0,0.0,569.9005567278692,1430.0994432721295
417,0,416,1,0,0,0,0,0,0.0,0.0,0.0,0.0,569.6758621886543,1430.3241378113446
418,0,417,1,0,0,0,0,0,0.0,0.0,0.0,0.0,569.4517440929412,1430.5482559070576
419,0,418,1,0,0,0,0,0,0.0,0.0,0.0,0.0,569.2281994990982,1430.7718005009008
420,0,419,1,0,0,0,0,0,0.0,0.0,0.0,0.0,569.0052254879097,1430.9947745120894
421,0,420,1,0,0,0,0,0,0.0,0.0,0.0,0.0,568.7828191623497,1431.2171808376493
422,0,421,1,0,0,0,0,0,0.0,0.0,0.0,0.0,568.5609776473581,1431.439022352641
423,0,422,1,0,0,0,0,0,0.0,0.0,0.0,0.0,568.3396980896188,1431.6603019103802
424,0,423,1,0,0,0,0,0,0.0,0.0,0.0,0.0,568.1189776573418,1431.8810223426572
425,0,424,1,0,0,0,0,0,0.0,0.0,0.0,0.0,567.8988135400477,1432.1011864599511
426,0,425,1,0,0,0,0,0,0.0,0.0,0.0,0.0,567.6792029483543,1432.3207970516446
427,0,426,1,0,0,0,0,0,0.0,0.0,0.0,0.0,567.4601431137661,1432.5398568862329
428,0,427,1,0,0,0,0,0,0.0,0.0,0.0,0.0,567.2416312884673,1432.7583687115318
429,0,428,1,0,0,0,0,0,0.0,0.0,0.0,0.0,567.023664745116,1432.9763352548832
430,0,429,1,0,0,0,0,0,0.0,0.0,0.0,0.0,566.8062407766419,1433.1937592233573
431,0,430,1,0,0,0,0,0,0.0,0.0,0.0,0.0,566.589356696046,1433.4106433039533
432,0,431,1,0,0,0,0,0,0.0,0.0,0.0,0.0,566.3730098362033,1433.6269901637959
433,0,432,1,0,0,0,0,0,0.0,0.0,0.0,0.0,566.1571975496672,1433.842802450332
434,0,433,1,0,0,0,0,0,0.0,0.0,0.0,0.0,565.9419172084766,1434.0580827915226
435,0,434,1,0,0,0,0,0,0.0,0.0,0.0,0.0,565.727166203966,1434.2728337960332
436,0,435,1,0,0,0,0,0,0.0,0.0,0.0,0.0,565.5129419465765,1434.4870580534227
437,0,436,1,0,0,0,0,0,0.0,0.0,0.0,0.0,565.2992418656705,1434.7007581343287
438,0,437,1,0,0,0,0,0,0.0,0.0,0.0,0.0,565.0860634093481,1434.9139365906512
439,0,438,1,0,0,0,0,0,0.0,0.0,0.0,0.0,564.8734040442652,1435.1265959557343
440,0,439,1,0,0,0,0,0,0.0,0.0,0.0,0.0,564.6612612554546,1435.3387387445448
441,0,440,1,0,0,0,0,0,0.0,0.0,0.0,0.0,564.4496325461492,1435.5503674538502
442,0,441,1,0,0,0,0,0,0.0,0.0,0.0,0.0,564.2385154376066,1435.7614845623928
443,0,442,1,0,0,0,0,0,0.0,0.0,0.0,0.0,564.0279074689363,1435.972092531063
444,0,443,1,0,0,0,0,0,0.0,0.0,0.0,0.0,563.8178061969292,1436.18219380307
445,0,444,1,0,0,0,0,0,0.0,0.0,0.0,0.0,563.6082091958885,1436.3917908041108
446,0,445,1,0,0,0,0,0,0.0,0.0,0.0,0.0,563.3991140574635,1436.6008859425358
447,0,446,1,0,0,1,0,1,0.0,1.0,0.0,1.0,563.1905183904842,1436.8094816095152
448,0,447,1,0,0,1,0,1,0.0,1.0,0.0,1.0,562.9824198207987,1437.0175801792006
449,0,448,1,0,0,0,0,0,0.0,0.0,0.0,0.0,562.7748159911125,1437.2251840088868
450,0,449,1,0,0,0,0,0,0.0,0.0,0.0,0.0,562.5677045608295,1437.4322954391698
451,0,450,1,0,0,0,0,0,0.0,0.0,0.0,0.0,562.3610832058946,1437.6389167941047
452,0,451,1,0,0,0,0,0,0.0,0.0,0.0,0.0,562.1549496186386,1437.8450503813608
453,0,452,1,0,0,0,0,0,0.0,0.0,0.0,0.0,561.9493015076247,1438.0506984923747
454,0,453,1,0,0,0,0,0,0.0,0.0,0.0,0.0,561.7441365974968,1438.2558634025027
455,0,454,1,0,0,0,0,0,0.0,0.0,0.0,0.0,561.5394526288295,1438.46054737117
456,0,455,1,0,0,0,0,0,0.0,0.0,0.0,0.0,561.3352473579803,1438.6647526420193
457,0,456,1,0,0,0,0,0,0.0,0.0,0.0,0.0,561.1315185569425,1438.8684814430571
458,0,457,1,0,0,0,0,0,0.0,0.0,0.0,0.0,560.9282640132011,1439.0717359867986
459,0,458,1,0,0,0,0,0,0.0,0.0,0.0,0.0,560.7254815295893,1439.2745184704104
460,0,459,1,0,0,0,0,0,0.0,0.0,0.0,0.0,560.523168924147,1439.4768310758527
461,0,460,1,0,0,0,0,0,0.0,0.0,0.0,0.0,560.3213240299813,1439.6786759700183
462,0,461,1,0,0,0,0,0,0.0,0.0,0.0,0.0,560.1199446951281,1439.8800553048713
463,0,462,1,0,0,0,0,0,0.0,0.0,0.0,0.0,559.9190287824155,1440.080971217584
464,0,463,1,0,0,0,0,0,0.0,0.0,0.0,0.0,559.7185741693286,1440.2814258306707
465,0,464,1,0,0,0,0,0,0.0,0.0,0.0,0.0,559.5185787478761,1440.4814212521233
466,0,465,1,0,0,0,0,0,0.0,0.0,0.0,0.0,559.3190404244582,1440.6809595755412
467,0,466,1,0,0,0,0,0,0.0,0.0,0.0,0.0,559.119957119736,1440.8800428802635
468,0,467,1,0,0,0,0,0,0.0,0.0,0.0,0.0,558.9213267685026,1441.078673231497
469,0,468,1,0,0,0,0,0,0.0,0.0,0.0,0.0,558.7231473195552,1441.2768526804443
470,0,469,1,0,0,0,0,0,0.0,0.0,0.0,0.0,558.5254167355695,1441.47458326443
471,0,470,1,0,0,0,0,0,0.0,0.0,0.0,0.0,558.3281329929742,1441.6718670070254
472,0,471,1,0,0,0,0,0,0.0,0.0,0.0,0.0,558.1312940818283,1441.8687059181714
473,0,472,1,0,0,0,0,0,0.0,0.0,0.0,0.0,557.9348980056986,1442.065101994301
474,0,473,1,0,0,0,0,0,0.0,0.0,0.0,0.0,557.7389427815397,1442.2610572184599
475,0,474,1,0,0,0,0,0,0.0,0.0,0.0,0.0,557.5434264395739,1442.4565735604258
476,0,475,1,0,0,0,0,0,0.0,0.0,0.0,0.0,557.3483470231739,1442.6516529768257
477,0,476,1,0,0,0,0,0,0.0,0.0,0.0,0.0,557.153702588746,1442.8462974112535
478,0,477,1,0,0,0,0,0,0.0,0.0,0.0,0.0,556.9594912056147,1443.0405087943848
479,0,478,1,0,0,0,0,0,0.0,0.0,0.0,0.0,556.7657109559084,1443.234289044091
480,0,479,1,0,0,0,0,0,0.0,0.0,0.0,0.0,556.5723599344471,1443.4276400655522
481,0,480,1,0,0,0,0,0,0.0,0.0,0.0,0.0,556.3794362486303,1443.620563751369
482,0,481,1,0,0,0,0,0,0.0,0.0,0.0,0.0,556.1869380183268,1443.8130619816725
483,0,482,1,0,0,0,0,0,0.0,0.0,0.0,0.0,555.9948633757657,1444.0051366242337
484,0,483,1,0,0,0,0,0,0.0,0.0,0.0,0.0,555.803210465428,1444.1967895345713
485,0,484,1,0,0,0,0,0,0.0,0.0,0.0,0.0,555.6119774439405,1444.3880225560588
486,0,485,1,0,0,0,0,0,0.0,0.0,0.0,0.0,555.4211624799694,1444.5788375200298
487,0,486,1,0,0,0,0,0,0.0,0.0,0.0,0.0,555.2307637541164,1444.7692362458827
488,0,487,1,0,0,0,0,0,0.0,0.0,0.0,0.0,555.0407794588151,1444.959220541184
489,0,488,1,0,0,0,0,0,0.0,0.0,0.0,0.0,554.8512077982285,1445.1487922017707
490,0,489,1,0,0,0,0,0,0.0,0.0,0.0,0.0,554.6620469881485,1445.3379530118507
491,0,490,1,0,0,0,0,0,0.0,0.0,0.0,0.0,554.4732952558952,1445.526704744104
492,0,491,1,0,0,0,0,0,0.0,0.0,0.0,0.0,554.2849508402182,1445.715049159781
493,0,492,1,0,0,0,0,0,0.0,0.0,0.0,0.0,554.0970119911988,1445.9029880088005
494,0,493,1,0,0,0,0,0,0.0,0.0,0.0,0.0,553.9094769701528,1446.0905230298465
495,0,494,1,0,0,0,0,0,0.0,0.0,0.0,0.0,553.722344049535,1446.2776559504644
496,0,495,1,0,0,1,0,1,0.0,1.0,0.0,1.0,553.535611512844,1446.4643884871555
497,0,496,1,0,0,0,0,0,0.0,0.0,0.0,0.0,553.3492776545286,1446.650722345471
498,0,497,1,0,0,0,0,0,0.0,0.0,0.0,0.0,553.1633407798951,1446.8366592201044
499,0,498,1,0,0,0,0,0,0.0,0.0,0.0,0.0,552.9777992050151,1447.0222007949842
500,0,499,1,0,0,0,0,0,0.0,0.0,0.0,0.0,552.792651256635,1447.2073487433643
501,0,500,1,0,0,0,0,0,0.0,0.0,0.0,0.0,552.6078952720859,1447.3921047279134
502,0,501,1,0,0,0,0,0,0.0,0.0,0.0,0.0,552.4235295991942,1447.576470400805
503,0,502,1,0,0,0,0,0,0.0,0.0,0.0,0.0,552.2395525961945,1447.7604474038046
504,0,503,1,0,0,0,0,0,0.0,0.0,0.0,0.0,552.0559626316415,1447.9440373683576
505,0,504,1,0,0,0,0,0,0.0,0.0,0.0,0.0,551.8727580843246,1448.1272419156746
506,0,505,1,0,0,0,0,0,0.0,0.0,0.0,0.0,551.6899373431818,1448.3100626568175
507,0,506,1,0,0,0,0,0,0.0,0.0,0.0,0.0,551.5074988072158,1448.4925011927835
508,0,507,1,0,0,0,0,0,0.0,0.0,0.0,0.0,551.3254408854106,1448.6745591145889
509,0,508,1,0,0,0,0,0,0.0,0.0,0.0,0.0,551.1437619966479,1448.8562380033516
510,0,509,1,0,0,0,0,0,0.0,0.0,0.0,0.0,550.9624605696263,1449.037539430373
511,0,510,1,0,0,0,0,0,0.0,0.0,0.0,0.0,550.7815350427798,1449.2184649572196
512,0,511,1,0,0,0,0,0,0.0,0.0,0.0,0.0,550.6009838641975,1449.3990161358017
513,0,512,1,0,0,0,0,0,0.0,0.0,0.0,0.0,550.4208054915447,1449.5791945084545
514,0,513,1,0,0,0,0,0,0.0,0.0,0.0,0.0,550.240998391984,1449.7590016080153
515,0,514,1,0,0,0,0,0,0.0,0.0,0.0,0.0,550.0615610420977,1449.9384389579016
516,0,515,1,0,0,0,0,0,0.0,0.0,0.0,0.0,549.8824919278107,1450.1175080721885
517,0,516,1,0,0,0,0,0,0.0,0.0,0.0,0.0,549.7037895443149,1450.2962104556843
518,0,517,1,0,0,0,0,0,0.0,0.0,0.0,0.0,549.525452395993,1450.4745476040061
519,0,518,1,0,0,0,0,0,0.0,0.0,0.0,0.0,549.3474789963446,1450.6525210036546
520,0,519,1,0,0,1,0,1,0.0,1.0,0.0,1.0,549.169867867912,1450.830132132087
521,0,520,1,0,0,0,0,0,0.0,0.0,0.0,0.0,548.9926175422071,1451.0073824577921
522,0,521,1,0,0,0,0,0,0.0,0.0,0.0,0.0,548.815726559639,1451.1842734403601
523,0,522,1,0,0,0,0,0,0.0,0.0,0.0,0.0,548.6391934694425,1451.3608065305566
524,0,523,1,0,0,0,0,0,0.0,0.0,0.0,0.0,548.4630168296072,1451.536983170392
525,0,524,1,0,0,0,0,0,0.0,0.0,0.0,0.0,548.287195206807,1451.7128047931922
526,0,525,1,0,0,0,0,0,0.0,0.0,0.0,0.0,548.111727176331,1451.8882728236683
527,0,526,1,0,0,0,0,0,0.0,0.0,0.0,0.0,547.936611322014,1452.0633886779854
528,0,527,1,0,0,0,0,0,0.0,0.0,0.0,0.0,547.7618462361692,1452.2381537638303
529,0,528,1,0,0,0,0,0,0.0,0.0,0.0,0.0,547.58743051952,1452.4125694804793
530,0,529,1,0,0,0,0,0,0.0,0.0,0.0,0.0,547.413362781134,1452.5866372188652
531,0,530,1,0,0,0,0,0,0.0,0.0,0.0,0.0,547.2396416383559,1452.7603583616433
532,0,531,1,0,0,0,0,0,0.0,0.0,0.0,0.0,547.0662657167429,1452.9337342832562
533,0,532,1,0,0,0,0,0,0.0,0.0,0.0,0.0,546.8932336499994,1453.1067663499998
534,0,533,1,0,0,0,0,0,0.0,0.0,0.0,0.0,546.7205440799128,1453.2794559200865
535,0,534,1,0,0,0,0,0,0.0,0.0,0.0,0.0,546.5481956562901,1453.4518043437092
536,0,535,1,0,0,0,0,0,0.0,0.0,0.0,0.0,546.376187036895,1453.6238129631045
537,0,536,1,0,0,0,0,0,0.0,0.0,0.0,0.0,546.2045168873854,1453.7954831126142
538,0,537,1,0,0,0,0,0,0.0,0.0,0.0,0.0,546.0331838812516,1453.9668161187478
539,0,538,1,0,0,0,0,0,0.0,0.0,0.0,0.0,545.8621866997557,1454.1378133002438
540,0,539,1,0,0,0,0,0,0.0,0.0,0.0,0.0,545.6915240318705,1454.308475968129
541,0,540,1,0,0,0,0,0,0.0,0.0,0.0,0.0,545.5211945742197,1454.4788054257797
542,0,541,1,0,0,0,0,0,0.0,0.0,0.0,0.0,545.3511970310191,1454.6488029689804
543,0,542,1,0,0,0,0,0,0.0,0.0,0.0,0.0,545.1815301140167,1454.8184698859827
544,0,543,1,0,0,0,0,0,0.0,0.0,0.0,0.0,545.0121925424356,1454.9878074575638
545,0,544,1,0,0,0,0,0,0.0,0.0,0.0,0.0,544.8431830429158,1455.1568169570835
546,0,545,1,0,0,0,0,0,0.0,0.0,0.0,0.0,544.6745003494573,1455.325499650542
547,0,546,1,0,0,0,0,0,0.0,0.0,0.0,0.0,544.5061432033631,1455.4938567966362
548,0,547,1,0,0,0,0,0,0.0,0.0,0.0,0.0,544.338110353184,1455.6618896468153
549,0,548,1,0,0,0,0,0,0.0,0.0,0.0,0.0,544.1704005546625,1455.829599445337
550,0,549,1,0,0,0,0,0,0.0,0.0,0.0,0.0,544.0030125706779,1455.9969874293215
551,0,550,1,0,0,0,0,0,0.0,0.0,0.0,0.0,543.8359451711922,1456.1640548288071
552,0,551,1,0,0,0,0,0,0.0,0.0,0.0,0.0,543.6691971331959,1456.3308028668034
553,0,552,1,0,0,0,0,0,0.0,0.0,0.0,0.0,543.5027672406547,1456.4972327593446
554,0,553,1,0,0,0,0,0,0.0,0.0,0.0,0.0,543.3366542844569,1456.6633457155424
555,0,554,1,0,0,0,0,0,0.0,0.0,0.0,0.0,543.1708570623605,1456.8291429376388
556,0,555,1,0,0,0,0,0,0.0,0.0,0.0,0.0,543.0053743789416,1456.9946256210578
557,0,556,1,0,0,0,0,0,0.0,0.0,0.0,0.0,542.840205045543,1457.1597949544564
558,0,557,1,0,0,0,0,0,0.0,0.0,0.0,0.0,542.6753478802233,1457.3246521197761
559,0,558,1,0,0,0,0,0,0.0,0.0,0.0,0.0,542.5108017077062,1457.4891982922932
560,0,559,1,0,0,0,0,0,0.0,0.0,0.0,0.0,542.346565359331,1457.6534346406684
561,0,560,1,0,0,0,0,0,0.0,0.0,0.0,0.0,542.1826376730025,1457.8173623269968
562,0,561,1,0,0,0,0,0,0.0,0.0,0.0,0.0,542.0190174931428,1457.9809825068564
563,0,562,1,0,0,0,0,0,0.0,0.0,0.0,0.0,541.8557036706417,1458.1442963293575
564,0,563,1,0,0,0,0,0,0.0,0.0,0.0,0.0,541.6926950628092,1458.30730493719
565,0,564,1,0,0,0,0,0,0.0,0.0,0.0,0.0,541.5299905333279,1458.4700094666714
566,0,565,1,0,0,0,0,0,0.0,0.0,0.0,0.0,541.3675889522053,1458.632411047794
567,0,566,1,0,0,0,0,0,0.0,0.0,0.0,0.0,541.2054891957274,1458.794510804272
568,0,567,1,0,0,0,0,0,0.0,0.0,0.0,0.0,541.043690146412,1458.9563098535875
569,0,568,1,0,0,0,0,0,0.0,0.0,0.0,0.0,540.882190692963,1459.1178093070364
570,0,569,1,0,0,0,0,0,0.0,0.0,0.0,0.0,540.7209897302249,1459.2790102697745
571,0,570,1,0,0,0,0,0,0.0,0.0,0.0,0.0,540.5600861591373,1459.4399138408621
572,0,571,1,0,0,0,0,0,0.0,0.0,0.0,0.0,540.3994788866908,1459.6005211133086
573,0,572,1,0,0,0,0,0,0.0,0.0,0.0,0.0,540.2391668258821,1459.7608331741174
574,0,573,1,0,0,0,0,0,0.0,0.0,0.0,0.0,540.0791488956705,1459.920851104329
575,0,574,1,0,0,0,0,0,0.0,0.0,0.0,0.0,539.9194240209346,1460.0805759790649
576,0,575,1,0,0,0,0,0,0.0,0.0,0.0,0.0,539.7599911324285,1460.240008867571
577,0,576,1,0,0,0,0,0,0.0,0.0,0.0,0.0,539.6008491667397,1460.39915083326
578,0,577,1,0,0,0,0,0,0.0,0.0,0.0,0.0,539.4419970662469,1460.5580029337527
579,0,578,1,0,0,0,0,0,0.0,0.0,0.0,0.0,539.2834337790774,1460.7165662209222
580,0,579,1,0,0,0,0,0,0.0,0.0,0.0,0.0,539.1251582590662,1460.8748417409336
581,0,580,1,0,0,0,0,0,0.0,0.0,0.0,0.0,538.9671694657144,1461.0328305342853
582,0,581,1,0,0,0,0,0,0.0,0.0,0.0,0.0,538.8094663641488,1461.190533635851
583,0,582,1,0,0,0,0,0,0.0,0.0,0.0,0.0,538.6520479250811,1461.3479520749186
584,0,583,1,0,0,0,0,0,0.0,0.0,0.0,0.0,538.494913124768,1461.5050868752317
585,0,584,1,0,0,0,0,0,0.0,0.0,0.0,0.0,538.3380609449714,1461.6619390550281
586,0,585,1,0,0,0,0,0,0.0,0.0,0.0,0.0,538.1814903729191,1461.8185096270804
587,0,586,1,0,0,0,0,0,0.0,0.0,0.0,0.0,538.0252004012659,1461.9747995987336
588,0,587,1,0,0,0,0,0,0.0,0.0,0.0,0.0,537.8691900280546,1462.130809971945
589,0,588,1,0,0,0,0,0,0.0,0.0,0.0,0.0,537.7134582566781,1462.2865417433215
590,0,589,1,0,0,0,0,0,0.0,0.0,0.0,0.0,537.5580040958409,1462.4419959041586
591,0,590,1,0,0,0,0,0,0.0,0.0,0.0,0.0,537.4028265595222,1462.5971734404775
592,0,591,1,0,0,0,0,0,0.0,0.0,0.0,0.0,537.2479246669376,1462.752075333062
593,0,592,1,0,0,0,0,0,0.0,0.0,0.0,0.0,537.0932974425032,1462.9067025574966
594,0,593,1,0,0,0,0,0,0.0,0.0,0.0,0.0,536.938943915798,1463.061056084202
595,0,594,1,0,0,0,0,0,0.0,0.0,0.0,0.0,536.7848631215281,1463.2151368784719
596,0,595,1,0,0,0,0,0,0.0,0.0,0.0,0.0,536.6310540994908,1463.3689459005093
597,0,596,1,0,0,0,0,0,0.0,0.0,0.0,0.0,536.4775158945383,1463.522484105462
598,0,597,1,0,0,0,0,0,0.0,0.0,0.0,0.0,536.3242475565428,1463.6757524434574
599,0,598,1,0,0,0,0,0,0.0,0.0,0.0,0.0,536.1712481403613,1463.828751859639
600,0,599,1,0,0,0,0,0,0.0,0.0,0.0,0.0,536.0185167058008,1463.9814832941993
601,0,600,1,0,0,0,0,0,0.0,0.0,0.0,0.0,535.8660523175839,1464.1339476824162
602,0,601,1,0,0,0,0,0,0.0,0.0,0.0,0.0,535.7138540453145,1464.2861459546855
603,0,602,1,0,0,0,0,0,0.0,0.0,0.0,0.0,535.561920963444,1464.438079036556
604,0,603,1,0,0,0,0,0,0.0,0.0,0.0,0.0,535.4102521512376,1464.5897478487623
605,0,604,1,0,0,0,0,0,0.0,0.0,0.0,0.0,535.2588466927414,1464.7411533072584
606,0,605,1,0,0,0,0,0,0.0,0.0,0.0,0.0,535.1077036767488,1464.892296323251
607,0,606,1,0,0,0,0,0,0.0,0.0,0.0,0.0,534.9568221967681,1465.0431778032316
608,0,607,1,0,0,0,0,0,0.0,0.0,0.0,0.0,534.8062013509904,1465.1937986490093
609,0,608,1,0,0,0,0,0,0.0,0.0,0.0,0.0,534.6558402422567,1465.344159757743
610,0,609,1,0,0,0,0,0,0.0,0.0,0.0,0.0,534.5057379780264,1465.494262021973
611,0,610,1,0,0,0,0,0,0.0,0.0,0.0,0.0,534.3558936703461,1465.6441063296536
612,0,611,1,0,0,0,0,0,0.0,0.0,0.0,0.0,534.2063064358173,1465.7936935641824
613,0,612,1,0,0,0,0,0,0.0,0.0,0.0,0.0,534.0569753955662,1465.9430246044335
614,0,613,1,0,0,0,0,0,0.0,0.0,0.0,0.0,533.9078996752123,1466.0921003247872
615,0,614,1,0,0,0,0,0,0.0,0.0,0.0,0.0,533.7590784048384,1466.2409215951611
616,0,615,1,0,0,0,0,0,0.0,0.0,0.0,0.0,533.6105107189599,1466.3894892810397
617,0,616,1,0,0,0,0,0,0.0,0.0,0.0,0.0,533.4621957564946,1466.537804243505
618,0,617,1,0,0,0,0,0,0.0,0.0,0.0,0.0,533.3141326607334,1466.6858673392662
619,0,618,1,0,0,0,0,0,0.0,0.0,0.0,0.0,533.1663205793108,1466.833679420689
620,0,619,1,0,0,0,0,0,0.0,0.0,0.0,0.0,533.0187586641748,1466.981241335825
621,0,620,1,0,0,0,0,0,0.0,0.0,0.0,0.0,532.8714460715589,1467.1285539284409
622,0,621,1,0,0,0,0,0,0.0,0.0,0.0,0.0,532.7243819619526,1467.2756180380472
623,0,622,1,0,0,0,0,0,0.0,0.0,0.0,0.0,532.5775655000732,1467.4224344999266
624,0,623,1,0,0,0,0,0,0.0,0.0,0.0,0.0,532.4309958548374,1467.5690041451624
625,0,624,1,0,0,0,0,0,0.0,0.0,0.0,0.0,532.284672199333,1467.7153278006667
626,0,625,1,0,0,0,0,0,0.0,0.0,0.0,0.0,532.1385937107916,1467.8614062892082
627,0,626,1,0,0,0,0,0,0.0,0.0,0.0,0.0,531.9927595705603,1468.0072404294394
628,0,627,1,0,0,0,0,0,0.0,0.0,0.0,0.0,531.847168964075,1468.1528310359247
629,0,628,1,0,0,0,0,0,0.0,0.0,0.0,0.0,531.7018210808326,1468.2981789191672
630,0,629,1,0,0,0,0,0,0.0,0.0,0.0,0.0,531.5567151143646,1468.4432848856352
631,0,630,1,0,0,0,0,0,0.0,0.0,0.0,0.0,531.41185026221,1468.5881497377898
632,0,631,1,0,0,0,0,0,0.0,0.0,0.0,0.0,531.2672257258891,1468.7327742741106
633,0,632,1,0,0,0,0,0,0.0,0.0,0.0,0.0,531.1228407108773,1468.8771592891226
634,0,633,1,0,0,0,0,0,0.0,0.0,0.0,0.0,530.9786944265785,1469.0213055734214
635,0,634,1,0,0,0,0,0,0.0,0.0,0.0,0.0,530.8347860862999,1469.1652139137
636,0,635,1,0,0,0,0,0,0.0,0.0,0.0,0.0,530.691114907226,1469.3088850927738
637,0,636,1,0,0,0,0,0,0.0,0.0,0.0,0.0,530.5476801103936,1469.4523198896063
638,0,637,1,0,0,0,0,0,0.0,0.0,0.0,0.0,530.4044809206657,1469.5955190793343
639,0,638,1,0,0,0,0,0,0.0,0.0,0.0,0.0,530.2615165667077,1469.7384834332925
640,0,639,1,0,0,0,0,0,0.0,0.0,0.0,0.0,530.1187862809614,1469.8812137190387
641,0,640,1,0,0,0,0,0,0.0,0.0,0.0,0.0,529.9762892996216,1470.0237107003786
642,0,641,1,0,0,0,0,0,0.0,0.0,0.0,0.0,529.8340248626106,1470.1659751373895
643,0,642,1,0,0,0,0,0,0.0,0.0,0.0,0.0,529.6919922135547,1470.3080077864454
644,0,643,1,0,0,0,0,0,0.0,0.0,0.0,0.0,529.5501905997601,1470.44980940024
645,0,644,1,0,0,0,0,0,0.0,0.0,0.0,0.0,529.4086192721887,1470.5913807278112
646,0,645,1,0,0,0,0,0,0.0,0.0,0.0,0.0,529.2672774854351,1470.7327225145648
647,0,646,1,0,0,0,0,0,0.0,0.0,0.0,0.0,529.1261644977026,1470.8738355022972
648,0,647,1,0,0,0,0,0,0.0,0.0,0.0,0.0,528.9852795707802,1471.0147204292196
649,0,648,1,0,0,0,0,0,0.0,0.0,0.0,0.0,528.8446219700198,1471.15537802998
650,0,649,1,0,0,0,0,0,0.0,0.0,0.0,0.0,528.7041909643128,1471.2958090356872
651,0,650,1,0,0,0,0,0,0.0,0.0,0.0,0.0,528.5639858260678,1471.436014173932
652,0,651,1,0,0,0,0,0,0.0,0.0,0.0,0.0,528.4240058311879,1471.575994168812
653,0,652,1,0,0,0,0,0,0.0,0.0,0.0,0.0,528.2842502590486,1471.7157497409512
654,0,653,1,0,0,0,0,0,0.0,0.0,0.0,0.0,528.1447183924755,1471.8552816075241
655,0,654,1,0,0,0,0,0,0.0,0.0,0.0,0.0,528.0054095177225,1471.994590482277
656,0,654,2,0,0,0,0,0,0.0,0.0,0.0,0.0,543.8663229244495,1456.1336770755502
657,0,655,2,0,0,0,0,0,0.0,0.0,0.0,0.0,543.6995168623737,1456.3004831376259
658,0,656,2,0,0,0,0,0,0.0,0.0,0.0,0.0,543.5330291665204,1456.4669708334793
659,0,657,2,0,0,0,0,0,0.0,0.0,0.0,0.0,543.3668586265218,1456.6331413734779
660,0,658,2,0,0,0,0,0,0.0,0.0,0.0,0.0,543.2010040388897,1456.79899596111
661,0,659,2,0,0,0,0,0,0.0,0.0,0.0,0.0,543.0354642069634,1456.9645357930362
662,0,660,2,0,0,0,0,0,0.0,0.0,0.0,0.0,542.8702379408583,1457.1297620591413
663,0,661,2,0,0,0,0,0,0.0,0.0,0.0,0.0,542.7053240574144,1457.2946759425852
664,0,662,2,0,0,0,0,0,0.0,0.0,0.0,0.0,542.5407213801466,1457.459278619853
665,0,663,2,0,0,0,0,0,0.0,0.0,0.0,0.0,542.3764287391938,1457.6235712608059
666,0,664,2,0,0,0,0,0,0.0,0.0,0.0,0.0,542.2124449712699,1457.7875550287297
667,0,665,2,0,0,0,0,0,0.0,0.0,0.0,0.0,542.0487689196144,1457.951231080385
668,0,666,2,0,0,0,0,0,0.0,0.0,0.0,0.0,541.885399433944,1458.1146005660555
669,0,667,2,0,0,0,0,0,0.0,0.0,0.0,0.0,541.7223353704039,1458.2776646295956
670,0,668,2,0,0,0,0,0,0.0,0.0,0.0,0.0,541.5595755915207,1458.440424408479
671,0,669,2,0,0,0,0,0,0.0,0.0,0.0,0.0,541.3971189661543,1458.6028810338455
672,0,670,2,0,0,0,0,0,0.0,0.0,0.0,0.0,541.2349643694515,1458.7650356305483
673,0,671,2,0,0,0,0,0,0.0,0.0,0.0,0.0,541.0731106827999,1458.9268893172
674,0,672,2,0,0,1,0,1,0.0,1.0,0.0,1.0,540.9115567937808,1459.088443206219
675,0,673,2,0,0,0,0,0,0.0,0.0,0.0,0.0,540.7503015961248,1459.2496984038748
676,0,674,2,0,0,0,0,0,0.0,0.0,0.0,0.0,540.5893439896657,1459.410656010334
677,0,675,2,0,0,0,0,0,0.0,0.0,0.0,0.0,540.4286828802963,1459.5713171197033
678,0,676,2,0,0,0,0,0,0.0,0.0,0.0,0.0,540.2683171799235,1459.731682820076
679,0,677,2,0,0,0,0,0,0.0,0.0,0.0,0.0,540.1082458064251,1459.8917541935743
680,0,678,2,0,0,0,0,0,0.0,0.0,0.0,0.0,539.9484676836055,1460.051532316394
681,0,679,2,0,0,0,0,0,0.0,0.0,0.0,0.0,539.7889817411528,1460.2110182588467
682,0,680,2,0,0,0,0,0,0.0,0.0,0.0,0.0,539.6297869145965,1460.370213085403
683,0,681,2,0,0,0,0,0,0.0,0.0,0.0,0.0,539.4708821452641,1460.5291178547354
684,0,682,2,0,0,0,0,0,0.0,0.0,0.0,0.0,539.3122663802403,1460.6877336197592
685,0,683,2,0,0,0,0,0,0.0,0.0,0.0,0.0,539.1539385723244,1460.846061427675
686,0,684,2,0,0,0,0,0,0.0,0.0,0.0,0.0,538.9958976799895,1461.00410232001
687,0,685,2,0,0,0,0,0,0.0,0.0,0.0,0.0,538.8381426673418,1461.1618573326577
688,0,686,2,0,0,0,0,0,0.0,0.0,0.0,0.0,538.6806725040796,1461.31932749592
689,0,687,2,0,0,0,0,0,0.0,0.0,0.0,0.0,538.5234861654534,1461.4765138345463
690,0,688,2,0,0,0,0,0,0.0,0.0,0.0,0.0,538.3665826322264,1461.6334173677733
691,0,689,2,0,0,0,0,0,0.0,0.0,0.0,0.0,538.2099608906346,1461.790039109365
692,0,690,2,0,0,0,0,0,0.0,0.0,0.0,0.0,538.0536199323483,1461.9463800676513
693,0,691,2,0,0,0,0,0,0.0,0.0,0.0,0.0,537.8975587544325,1462.102441245567
694,0,692,2,0,0,0,0,0,0.0,0.0,0.0,0.0,537.7417763593094,1462.2582236406902
695,0,693,2,0,0,0,0,0,0.0,0.0,0.0,0.0,537.5862717547197,1462.4137282452798
696,0,694,2,0,0,0,0,0,0.0,0.0,0.0,0.0,537.4310439536857,1462.5689560463138
697,0,695,2,0,0,0,0,0,0.0,0.0,0.0,0.0,537.2760919744728,1462.7239080255267
698,0,696,2,0,0,0,0,0,0.0,0.0,0.0,0.0,537.1214148405535,1462.878585159446
699,0,697,2,0,0,0,0,0,0.0,0.0,0.0,0.0,536.96701158057,1463.0329884194293
700,0,698,2,0,0,0,0,0,0.0,0.0,0.0,0.0,536.8128812282982,1463.187118771701
701,0,699,2,0,0,0,0,0,0.0,0.0,0.0,0.0,536.6590228226115,1463.3409771773877
702,0,700,2,0,0,0,0,0,0.0,0.0,0.0,0.0,536.5054354074449,1463.4945645925543
703,0,701,2,0,0,0,0,0,0.0,0.0,0.0,0.0,536.3521180317598,1463.6478819682393
704,0,702,2,0,0,0,0,0,0.0,0.0,0.0,0.0,536.1990697495087,1463.8009302504904
705,0,703,2,0,0,0,0,0,0.0,0.0,0.0,0.0,536.0462896196003,1463.9537103803987
706,0,704,2,0,0,0,0,0,0.0,0.0,0.0,0.0,535.8937767058654,1464.1062232941335
707,0,705,2,0,0,0,0,0,0.0,0.0,0.0,0.0,535.741530077022,1464.258469922977
708,0,706,2,0,0,0,0,0,0.0,0.0,0.0,0.0,535.589548806642,1464.410451193357
709,0,707,2,0,0,0,0,0,0.0,0.0,0.0,0.0,535.4378319731172,1464.5621680268819
710,0,708,2,0,0,0,0,0,0.0,0.0,0.0,0.0,535.2863786596259,1464.713621340373
711,0,709,2,0,0,0,0,0,0.0,0.0,0.0,0.0,535.1351879541004,1464.8648120458986
712,0,710,2,0,0,0,0,0,0.0,0.0,0.0,0.0,534.9842589491933,1465.0157410508057
713,0,711,2,0,0,0,0,0,0.0,0.0,0.0,0.0,534.8335907422459,1465.1664092577532
714,0,712,2,0,0,0,0,0,0.0,0.0,0.0,0.0,534.6831824352554,1465.3168175647438
715,0,713,2,0,0,0,0,0,0.0,0.0,0.0,0.0,534.5330331348433,1465.4669668651559
716,0,714,2,0,0,0,0,0,0.0,0.0,0.0,0.0,534.3831419522237,1465.6168580477756
717,0,715,2,0,0,0,0,0,0.0,0.0,0.0,0.0,534.2335080031716,1465.7664919968279
718,0,716,2,0,0,0,0,0,0.0,0.0,0.0,0.0,534.084130407992,1465.9158695920075
719,0,717,2,0,0,0,0,0,0.0,0.0,0.0,0.0,533.9350082914892,1466.0649917085102
720,0,718,2,0,0,0,0,0,0.0,0.0,0.0,0.0,533.7861407829361,1466.2138592170634
721,0,719,2,0,0,0,0,0,0.0,0.0,0.0,0.0,533.6375270160435,1466.362472983956
722,0,720,2,0,0,0,0,0,0.0,0.0,0.0,0.0,533.4891661289305,1466.510833871069
723,0,721,2,0,0,0,0,0,0.0,0.0,0.0,0.0,533.3410572640945,1466.6589427359052
724,0,722,2,0,0,0,0,0,0.0,0.0,0.0,0.0,533.1931995683815,1466.8068004316183
725,0,723,2,0,0,0,0,0,0.0,0.0,0.0,0.0,533.045592192957,1466.9544078070428
726,0,724,2,0,0,0,0,0,0.0,0.0,0.0,0.0,532.8982342932766,1467.1017657067232
727,0,725,2,0,0,0,0,0,0.0,0.0,0.0,0.0,532.7511250290576,1467.248874970942
728,0,726,2,0,0,0,0,0,0.0,0.0,0.0,0.0,532.60426356425,1467.3957364357495
729,0,727,2,0,0,0,0,0,0.0,0.0,0.0,0.0,532.4576490670084,1467.542350932991
730,0,728,2,0,0,1,0,1,0.0,1.0,0.0,1.0,532.311280709664,1467.6887192903355
731,0,729,2,0,0,0,0,0,0.0,0.0,0.0,0.0,532.1651576686959,1467.8348423313037
732,0,730,2,0,0,0,0,0,0.0,0.0,0.0,0.0,532.0192791247047,1467.980720875295
733,0,731,2,0,0,0,0,0,0.0,0.0,0.0,0.0,531.873644262384,1468.1263557376158
734,0,732,2,0,0,0,0,0,0.0,0.0,0.0,0.0,531.7282522704938,1468.271747729506
735,0,733,2,0,0,0,0,0,0.0,0.0,0.0,0.0,531.5831023418335,1468.4168976581661
736,0,734,2,0,0,0,0,0,0.0,0.0,0.0,0.0,531.4381936732149,1468.5618063267848
737,0,735,2,0,0,0,0,0,0.0,0.0,0.0,0.0,531.2935254654357,1468.706474534564
738,0,736,2,0,0,0,0,0,0.0,0.0,0.0,0.0,531.1490969232534,1468.8509030767464
739,0,737,2,0,0,0,0,0,0.0,0.0,0.0,0.0,531.0049072553591,1468.9950927446407
740,0,738,2,0,0,0,0,0,0.0,0.0,0.0,0.0,530.8609556743515,1469.1390443256482
741,0,739,2,0,0,0,0,0,0.0,0.0,0.0,0.0,530.7172413967118,1469.2827586032881
742,0,740,2,0,0,0,0,0,0.0,0.0,0.0,0.0,530.5737636427771,1469.4262363572227
743,0,741,2,0,0,0,0,0,0.0,0.0,0.0,0.0,530.4305216367163,1469.5694783632835
744,0,742,2,0,0,0,0,0,0.0,0.0,0.0,0.0,530.2875146065047,1469.712485393495
745,0,743,2,0,0,0,0,0,0.0,0.0,0.0,0.0,530.1447417838989,1469.8552582161008
746,0,744,2,0,0,0,0,0,0.0,0.0,0.0,0.0,530.0022024044124,1469.9977975955874
747,0,745,2,0,0,0,0,0,0.0,0.0,0.0,0.0,529.859895707291,1470.1401042927087
748,0,746,2,0,0,0,0,0,0.0,0.0,0.0,0.0,529.7178209354889,1470.2821790645107
749,0,747,2,0,0,0,0,0,0.0,0.0,0.0,0.0,529.5759773356443,1470.4240226643553
750,0,748,2,0,0,0,0,0,0.0,0.0,0.0,0.0,529.4343641580558,1470.565635841944
751,0,749,2,0,0,0,0,0,0.0,0.0,0.0,0.0,529.2929806566585,1470.7070193433412
752,0,750,2,0,0,0,0,0,0.0,0.0,0.0,0.0,529.1518260890009,1470.8481739109989
753,0,751,2,0,0,0,0,0,0.0,0.0,0.0,0.0,529.0108997162212,1470.9891002837785
754,0,752,2,0,0,0,0,0,0.0,0.0,0.0,0.0,528.8702008030244,1471.1297991969752
755,0,753,2,0,0,0,0,0,0.0,0.0,0.0,0.0,528.7297286176598,1471.2702713823398
756,0,754,2,0,0,0,0,0,0.0,0.0,0.0,0.0,528.5894824318975,1471.410517568102
757,0,755,2,0,0,0,0,0,0.0,0.0,0.0,0.0,528.4494615210066,1471.550538478993
758,0,756,2,0,0,0,0,0,0.0,0.0,0.0,0.0,528.3096651637322,1471.6903348362675
759,0,757,2,0,0,0,0,0,0.0,0.0,0.0,0.0,528.1700926422739,1471.829907357726
760,0,758,2,0,0,0,0,0,0.0,0.0,0.0,0.0,528.0307432422629,1471.9692567577367
761,0,759,2,0,0,0,0,0,0.0,0.0,0.0,0.0,527.8916162527414,1472.1083837472584
762,0,760,2,0,0,0,0,0,0.0,0.0,0.0,0.0,527.7527109661397,1472.24728903386
763,0,761,2,0,0,0,0,0,0.0,0.0,0.0,0.0,527.6140266782556,1472.3859733217441
764,0,762,2,0,0,0,0,0,0.0,0.0,0.0,0.0,527.4755626882327,1472.524437311767
765,0,763,2,0,0,0,0,0,0.0,0.0,0.0,0.0,527.3373182985392,1472.6626817014605
766,0,764,2,0,0,0,0,0,0.0,0.0,0.0,0.0,527.1992928149472,1472.8007071850525
767,0,765,2,0,0,0,0,0,0.0,0.0,0.0,0.0,527.0614855465116,1472.938514453488
768,0,766,2,0,0,0,0,0,0.0,0.0,0.0,0.0,526.9238958055497,1473.07610419445
769,0,767,2,0,0,0,0,0,0.0,0.0,0.0,0.0,526.7865229076207,1473.213477092379
770,0,768,2,0,0,0,0,0,0.0,0.0,0.0,0.0,526.6493661715049,1473.3506338284947
771,0,769,2,0,0,0,0,0,0.0,0.0,0.0,0.0,526.5124249191842,1473.4875750808153
772,0,770,2,0,0,0,0,0,0.0,0.0,0.0,0.0,526.3756984758219,1473.6243015241776
773,0,771,2,0,0,0,0,0,0.0,0.0,0.0,0.0,526.2391861697424,1473.7608138302571
774,0,772,2,0,0,0,0,0,0.0,0.0,0.0,0.0,526.1028873324121,1473.8971126675874
775,0,773,2,0,0,0,0,0,0.0,0.0,0.0,0.0,525.9668012984196,1474.03319870158
776,0,774,2,0,0,0,0,0,0.0,0.0,0.0,0.0,525.830927405456,1474.1690725945436
777,0,775,2,0,0,0,0,0,0.0,0.0,0.0,0.0,525.6952649942964,1474.3047350057034
778,0,776,2,0,0,0,0,0,0.0,0.0,0.0,0.0,525.55981340878,1474.4401865912198
779,0,777,2,0,0,0,0,0,0.0,0.0,0.0,0.0,525.4245719957917,1474.575428004208
780,0,778,2,0,0,0,0,0,0.0,0.0,0.0,0.0,525.2895401052431,1474.7104598947567
781,0,779,2,0,0,0,0,0,0.0,0.0,0.0,0.0,525.1547170900539,1474.845282909946
782,0,780,2,0,0,0,0,0,0.0,0.0,0.0,0.0,525.020102306133,1474.9798976938669
783,0,781,2,0,0,0,0,0,0.0,0.0,0.0,0.0,524.8856951123611,1475.1143048876388
784,0,782,2,0,0,0,0,0,0.0,0.0,0.0,0.0,524.7514948705713,1475.2485051294286
785,0,783,2,0,0,0,0,0,0.0,0.0,0.0,0.0,524.6175009455317,1475.382499054468
786,0,784,2,0,0,0,0,0,0.0,0.0,0.0,0.0,524.4837127049274,1475.5162872950723
787,0,785,2,0,0,0,0,0,0.0,0.0,0.0,0.0,524.3501295193425,1475.6498704806572
788,0,786,2,0,0,0,0,0,0.0,0.0,0.0,0.0,524.2167507622426,1475.7832492377572
789,0,787,2,0,0,0,0,0,0.0,0.0,0.0,0.0,524.0835758099569,1475.9164241900428
790,0,788,2,0,0,0,0,0,0.0,0.0,0.0,0.0,523.9506040416613,1476.0493959583384
791,0,789,2,0,0,1,0,1,0.0,1.0,0.0,1.0,523.8178348393609,1476.182165160639
792,0,790,2,0,0,0,0,0,0.0,0.0,0.0,0.0,523.6852675878725,1476.3147324121273
793,0,791,2,0,0,0,0,0,0.0,0.0,0.0,0.0,523.5529016748081,1476.4470983251917
794,0,792,2,0,0,0,0,0,0.0,0.0,0.0,0.0,523.4207364905579,1476.579263509442
795,0,793,2,0,0,0,0,0,0.0,0.0,0.0,0.0,523.2887714282733,1476.7112285717267
796,0,794,2,0,0,0,0,0,0.0,0.0,0.0,0.0,523.1570058838503,1476.8429941161496
797,0,795,2,0,0,0,0,0,0.0,0.0,0.0,0.0,523.0254392559133,1476.9745607440866
798,0,796,2,0,0,0,0,0,0.0,0.0,0.0,0.0,522.8940709457983,1477.1059290542016
799,0,797,2,0,0,0,0,0,0.0,0.0,0.0,0.0,522.762900357537,1477.237099642463
800,0,798,2,0,0,0,0,0,0.0,0.0,0.0,0.0,522.6319268978405,1477.3680731021595
801,0,799,2,0,0,0,0,0,0.0,0.0,0.0,0.0,522.501149976083,1477.498850023917
802,0,800,2,0,0,0,0,0,0.0,0.0,0.0,0.0,522.3705690042864,1477.6294309957134
803,0,801,2,0,0,0,0,0,0.0,0.0,0.0,0.0,522.2401833971043,1477.7598166028954
804,0,802,2,0,0,0,0,0,0.0,0.0,0.0,0.0,522.1099925718062,1477.8900074281935
805,0,803,2,0,0,0,0,0,0.0,0.0,0.0,0.0,521.979995948262,1478.0200040517377
806,0,804,2,0,0,0,0,0,0.0,0.0,0.0,0.0,521.8501929489266,1478.149807051073
807,0,805,2,0,0,0,0,0,0.0,0.0,0.0,0.0,521.720582998825,1478.2794170011746
808,0,806,2,0,0,0,0,0,0.0,0.0,0.0,0.0,521.591165525536,1478.4088344744634
809,0,807,2,0,0,0,0,0,0.0,0.0,0.0,0.0,521.4619399591784,1478.5380600408212
810,0,808,2,0,0,0,0,0,0.0,0.0,0.0,0.0,521.3329057323949,1478.6670942676046
811,0,809,2,0,0,0,0,0,0.0,0.0,0.0,0.0,521.2040622803382,1478.7959377196614
812,0,810,2,0,0,0,0,0,0.0,0.0,0.0,0.0,521.0754090406555,1478.9245909593442
813,0,811,2,0,0,0,0,0,0.0,0.0,0.0,0.0,520.946945453474,1479.0530545465258
814,0,812,2,0,0,0,0,0,0.0,0.0,0.0,0.0,520.8186709613866,1479.1813290386133
815,0,813,2,0,0,0,0,0,0.0,0.0,0.0,0.0,520.6905850094373,1479.3094149905626
816,0,814,2,0,0,0,0,0,0.0,0.0,0.0,0.0,520.5626870451069,1479.437312954893
817,0,815,2,0,0,0,0,0,0.0,0.0,0.0,0.0,520.4349765182988,1479.5650234817012
818,0,816,2,0,0,0,0,0,0.0,0.0,0.0,0.0,520.3074528813245,1479.6925471186755
819,0,817,2,0,0,0,0,0,0.0,0.0,0.0,0.0,520.1801155888901,1479.8198844111098
820,0,818,2,0,0,0,0,0,0.0,0.0,0.0,0.0,520.0529640980822,1479.9470359019176
821,0,819,2,0,0,0,0,0,0.0,0.0,0.0,0.0,519.9259978683539,1480.0740021316458
822,0,820,2,0,0,0,0,0,0.0,0.0,0.0,0.0,519.7992163615113,1480.2007836384882
823,0,821,2,0,0,0,0,0,0.0,0.0,0.0,0.0,519.6726190416998,1480.3273809582997
824,0,822,2,0,0,0,0,0,0.0,0.0,0.0,0.0,519.5462053753904,1480.4537946246091
825,0,823,2,0,0,0,0,0,0.0,0.0,0.0,0.0,519.4199748313666,1480.580025168633
826,0,824,2,0,0,0,0,0,0.0,0.0,0.0,0.0,519.2939268807108,1480.706073119289
827,0,825,2,0,0,0,0,0,0.0,0.0,0.0,0.0,519.1680609967912,1480.8319390032086
828,0,826,2,0,0,0,0,0,0.0,0.0,0.0,0.0,519.0423766552485,1480.9576233447513
829,0,827,2,0,0,0,0,0,0.0,0.0,0.0,0.0,518.9168733339832,1481.0831266660166
830,0,828,2,0,0,0,0,0,0.0,0.0,0.0,0.0,518.791550513142,1481.2084494868577
831,0,829,2,0,0,0,0,0,0.0,0.0,0.0,0.0,518.666407675106,1481.3335923248937
832,0,830,2,0,0,0,0,0,0.0,0.0,0.0,0.0,518.5414443044767,1481.458555695523
833,0,831,2,0,0,0,0,0,0.0,0.0,0.0,0.0,518.4166598880641,1481.5833401119357
834,0,832,2,0,0,0,0,0,0.0,0.0,0.0,0.0,518.292053914874,1481.7079460851257
835,0,833,2,0,0,0,0,0,0.0,0.0,0.0,0.0,518.1676258760954,1481.8323741239044
836,0,834,2,0,0,0,0,0,0.0,0.0,0.0,0.0,518.043375265088,1481.9566247349119
837,0,835,2,0,0,0,0,0,0.0,0.0,0.0,0.0,517.9193015773701,1482.0806984226297
838,0,836,2,0,0,0,0,0,0.0,0.0,0.0,0.0,517.7954043106063,1482.2045956893935
839,0,837,2,0,0,0,0,0,0.0,0.0,0.0,0.0,517.6716829645951,1482.3283170354046
840,0,838,2,0,0,0,0,0,0.0,0.0,0.0,0.0,517.5481370412573,1482.4518629587424
841,0,839,2,0,0,0,0,0,0.0,0.0,0.0,0.0,517.4247660446237,1482.575233955376
842,0,840,2,0,0,0,0,0,0.0,0.0,0.0,0.0,517.301569480823,1482.6984305191766
843,0,841,2,0,0,0,0,0,0.0,0.0,0.0,0.0,517.1785468580707,1482.821453141929
844,0,842,2,0,0,0,0,0,0.0,0.0,0.0,0.0,517.0556976866567,1482.9443023133429
845,0,843,2,0,0,0,0,0,0.0,0.0,0.0,0.0,516.9330214789339,1483.0669785210657
846,0,844,2,0,0,0,0,0,0.0,0.0,0.0,0.0,516.8105177493068,1483.189482250693
847,0,845,2,0,0,0,0,0,0.0,0.0,0.0,0.0,516.6881860142195,1483.3118139857802
848,0,846,2,0,0,0,0,0,0.0,0.0,0.0,0.0,516.5660257921451,1483.4339742078546
849,0,847,2,0,0,0,0,0,0.0,0.0,0.0,0.0,516.4440366035736,1483.555963396426
850,0,848,2,0,0,0,0,0,0.0,0.0,0.0,0.0,516.3222179710012,1483.6777820289985
851,0,849,2,0,0,0,0,0,0.0,0.0,0.0,0.0,516.2005694189188,1483.799430581081
852,0,850,2,0,0,0,0,0,0.0,0.0,0.0,0.0,516.0790904738011,1483.9209095261988
853,0,851,2,0,0,0,0,0,0.0,0.0,0.0,0.0,515.9577806640955,1484.0422193359045
854,0,852,2,0,0,0,0,0,0.0,0.0,0.0,0.0,515.8366395202111,1484.163360479789
855,0,853,2,0,0,0,0,0,0.0,0.0,0.0,0.0,515.7156665745081,1484.284333425492
856,0,854,2,0,0,0,0,0,0.0,0.0,0.0,0.0,515.5948613612867,1484.4051386387132
857,0,855,2,0,0,0,0,0,0.0,0.0,0.0,0.0,515.4742234167767,1484.5257765832232
858,0,856,2,0,0,0,0,0,0.0,0.0,0.0,0.0,515.3537522791266,1484.6462477208734
859,0,857,2,0,0,0,0,0,0.0,0.0,0.0,0.0,515.2334474883933,1484.7665525116067
860,0,858,2,0,0,0,0,0,0.0,0.0,0.0,0.0,515.113308586531,1484.886691413469
861,0,859,2,0,0,0,0,0,0.0,0.0,0.0,0.0,514.9933351173819,1485.0066648826182
862,0,860,2,0,0,0,0,0,0.0,0.0,0.0,0.0,514.8735266266646,1485.1264733733356
863,0,861,2,0,0,0,0,0,0.0,0.0,0.0,0.0,514.7538826619647,1485.2461173380354
864,0,862,2,0,0,0,0,0,0.0,0.0,0.0,0.0,514.6344027727243,1485.3655972272759
865,0,863,2,0,0,0,0,0,0.0,0.0,0.0,0.0,514.515086510232,1485.4849134897684
866,0,864,2,0,0,0,0,0,0.0,0.0,0.0,0.0,514.3959334276122,1485.604066572388
867,0,865,2,0,0,0,0,0,0.0,0.0,0.0,0.0,514.2769430798163,1485.723056920184
868,0,866,2,0,0,0,0,0,0.0,0.0,0.0,0.0,514.1581150236115,1485.8418849763889
869,0,867,2,0,0,0,0,0,0.0,0.0,0.0,0.0,514.0394488175717,1485.9605511824286
870,0,868,2,0,0,1,0,1,0.0,1.0,0.0,1.0,513.9209440220677,1486.0790559779325
871,0,869,2,0,0,0,0,0,0.0,0.0,0.0,0.0,513.8026001992571,1486.1973998007431
872,0,870,2,0,0,0,0,0,0.0,0.0,0.0,0.0,513.6844169130748,1486.3155830869255
873,0,871,2,0,0,0,0,0,0.0,0.0,0.0,0.0,513.5663937292235,1486.4336062707766
874,0,872,2,0,0,0,0,0,0.0,0.0,0.0,0.0,513.448530215164,1486.551469784836
875,0,873,2,0,0,0,0,0,0.0,0.0,0.0,0.0,513.3308259401061,1486.669174059894
876,0,874,2,0,0,0,0,0,0.0,0.0,0.0,0.0,513.2132804749986,1486.7867195250014
877,0,875,2,0,0,0,0,0,0.0,0.0,0.0,0.0,513.0958933925202,1486.90410660748
878,0,876,2,0,0,0,0,0,0.0,0.0,0.0,0.0,512.9786642670706,1487.0213357329294
879,0,877,2,0,0,0,0,0,0.0,0.0,0.0,0.0,512.8615926747608,1487.138407325239
880,0,878,2,0,0,0,0,0,0.0,0.0,0.0,0.0,512.7446781934041,1487.2553218065957
881,0,879,2,0,0,0,0,0,0.0,0.0,0.0,0.0,512.627920402507,1487.3720795974928
882,0,880,2,0,0,0,0,0,0.0,0.0,0.0,0.0,512.5113188832604,1487.4886811167394
883,0,881,2,0,0,0,0,0,0.0,0.0,0.0,0.0,512.39487321853,1487.6051267814698
884,0,882,2,0,0,0,0,0,0.0,0.0,0.0,0.0,512.2785829928482,1487.7214170071518
885,0,883,2,0,0,0,0,0,0.0,0.0,0.0,0.0,512.1624477924045,1487.8375522075955
886,0,884,2,0,0,0,0,0,0.0,0.0,0.0,0.0,512.0464672050372,1487.953532794963
887,0,885,2,0,0,0,0,0,0.0,0.0,0.0,0.0,511.9306408202244,1488.0693591797756
888,0,886,2,0,0,0,0,0,0.0,0.0,0.0,0.0,511.81496822907565,1488.1850317709243
889,0,887,2,0,0,0,0,0,0.0,0.0,0.0,0.0,511.6994490243228,1488.3005509756772
890,0,888,2,0,0,0,0,0,0.0,0.0,0.0,0.0,511.5840828003119,1488.415917199688
891,0,889,2,0,0,0,0,0,0.0,0.0,0.0,0.0,511.4688691529944,1488.5311308470054
892,0,890,2,0,0,1,0,1,0.0,1.0,0.0,1.0,511.3538076799188,1488.646192320081
893,0,891,2,0,0,0,0,0,0.0,0.0,0.0,0.0,511.2388979802224,1488.7611020197774
894,0,892,2,0,0,0,0,0,0.0,0.0,0.0,0.0,511.12413965462275,1488.875860345377
895,0,893,2,0,0,0,0,0,0.0,0.0,0.0,0.0,511.0095323054093,1488.9904676945905
896,0,894,2,0,0,0,0,0,0.0,0.0,0.0,0.0,510.8950755364354,1489.1049244635644
897,0,895,2,0,0,0,0,0,0.0,0.0,0.0,0.0,510.78076895311,1489.21923104689
898,0,896,2,0,0,0,0,0,0.0,0.0,0.0,0.0,510.66661216238947,1489.3333878376104
899,0,897,2,0,0,0,0,0,0.0,0.0,0.0,0.0,510.55260477276966,1489.4473952272303
900,0,898,2,0,0,0,0,0,0.0,0.0,0.0,0.0,510.4387463942777,1489.5612536057222
901,0,899,2,0,0,0,0,0,0.0,0.0,0.0,0.0,510.3250366384642,1489.6749633615357
902,0,900,2,0,0,0,0,0,0.0,0.0,0.0,0.0,510.2114751183953,1489.7885248816046
903,0,901,2,0,0,0,0,0,0.0,0.0,0.0,0.0,510.0980614486446,1489.9019385513552
904,0,902,2,0,0,0,0,0,0.0,0.0,0.0,0.0,509.9847952452857,1490.0152047547142
905,0,903,2,0,0,0,0,0,0.0,0.0,0.0,0.0,509.87167612588405,1490.1283238741157
906,0,904,2,0,0,0,0,0,0.0,0.0,0.0,0.0,509.7587037094896,1490.24129629051
907,0,905,2,0,0,0,0,0,0.0,0.0,0.0,0.0,509.6458776166289,1490.3541223833709
908,0,906,2,0,0,0,0,0,0.0,0.0,0.0,0.0,509.5331974692975,1490.4668025307024
909,0,907,2,0,0,0,0,0,0.0,0.0,0.0,0.0,509.42066289095237,1490.5793371090474
910,0,908,2,0,0,0,0,0,0.0,0.0,0.0,0.0,509.3082735065046,1490.6917264934953
911,0,909,2,0,0,0,0,0,0.0,0.0,0.0,0.0,509.1960289423116,1490.8039710576882
912,0,910,2,0,0,0,0,0,0.0,0.0,0.0,0.0,509.08392882617005,1490.9160711738298
913,0,911,2,0,0,0,0,0,0.0,0.0,0.0,0.0,508.97197278730806,1491.0280272126918
914,0,912,2,0,0,0,0,0,0.0,0.0,0.0,0.0,508.86016045637825,1491.1398395436215
915,0,913,2,0,0,0,0,0,0.0,0.0,0.0,0.0,508.74849146545034,1491.2515085345494
916,0,914,2,0,0,0,0,0,0.0,0.0,0.0,0.0,508.63696544800376,1491.363034551996
917,0,915,2,0,0,0,0,0,0.0,0.0,0.0,0.0,508.5255820389208,1491.4744179610789
918,0,916,2,0,0,1,0,1,0.0,1.0,0.0,1.0,508.414340874479,1491.5856591255206
919,0,917,2,0,0,0,0,0,0.0,0.0,0.0,0.0,508.3032415923446,1491.6967584076551
920,0,918,2,0,0,0,0,0,0.0,0.0,0.0,0.0,508.1922838315649,1491.8077161684348
921,0,919,2,0,0,0,0,0,0.0,0.0,0.0,0.0,508.0814672325618,1491.918532767438
922,0,920,2,0,0,0,0,0,0.0,0.0,0.0,0.0,507.97079143712455,1492.0292085628753
923,0,921,2,0,0,0,0,0,0.0,0.0,0.0,0.0,507.8602560884027,1492.1397439115972
924,0,922,2,0,0,0,0,0,0.0,0.0,0.0,0.0,507.7498608308996,1492.2501391691003
925,0,923,2,0,0,0,0,0,0.0,0.0,0.0,0.0,507.63960531046524,1492.3603946895346
926,0,924,2,0,0,0,0,0,0.0,0.0,0.0,0.0,507.52948917428967,1492.47051082571
927,0,925,2,0,0,0,0,0,0.0,0.0,0.0,0.0,507.4195120708961,1492.5804879291038
928,0,926,2,0,0,0,0,0,0.0,0.0,0.0,0.0,507.30967365013424,1492.6903263498657
929,0,927,2,0,0,0,0,0,0.0,0.0,0.0,0.0,507.1999735631737,1492.800026436826
930,0,928,2,0,0,0,0,0,0.0,0.0,0.0,0.0,507.0904114624974,1492.9095885375025
931,0,929,2,0,0,0,0,0,0.0,0.0,0.0,0.0,506.9809870018948,1493.0190129981052
932,0,930,2,0,0,0,0,0,0.0,0.0,0.0,0.0,506.87169983645555,1493.1283001635445
933,0,931,2,0,0,0,0,0,0.0,0.0,0.0,0.0,506.7625496225629,1493.2374503774372
934,0,932,2,0,0,0,0,0,0.0,0.0,0.0,0.0,506.6535360178873,1493.3464639821127
935,0,933,2,0,0,0,0,0,0.0,0.0,0.0,0.0,506.54465868137993,1493.4553413186202
936,0,934,2,0,0,0,0,0,0.0,0.0,0.0,0.0,506.43591727326634,1493.564082726734
937,0,935,2,0,0,0,0,0,0.0,0.0,0.0,0.0,506.3273114550401,1493.67268854496
938,0,936,2,0,0,0,0,0,0.0,0.0,0.0,0.0,506.2188408894566,1493.7811591105435
939,0,937,2,0,0,0,0,0,0.0,0.0,0.0,0.0,506.11050524052666,1493.8894947594736
940,0,938,2,0,0,0,0,0,0.0,0.0,0.0,0.0,506.0023041735103,1493.99769582649
941,0,939,2,0,0,0,0,0,0.0,0.0,0.0,0.0,505.8942373549108,1494.1057626450895
942,0,940,2,0,0,0,0,0,0.0,0.0,0.0,0.0,505.7863044524682,1494.213695547532
943,0,941,2,0,0,0,0,0,0.0,0.0,0.0,0.0,505.67850513515344,1494.321494864847
944,0,942,2,0,0,0,0,0,0.0,0.0,0.0,0.0,505.57083907316223,1494.4291609268382
945,0,943,2,0,0,0,0,0,0.0,0.0,0.0,0.0,505.46330593790907,1494.5366940620913
946,0,944,2,0,0,0,0,0,0.0,0.0,0.0,0.0,505.35590540202105,1494.6440945979793
947,0,945,2,0,0,0,0,0,0.0,0.0,0.0,0.0,505.24863713933223,1494.7513628606682
948,0,946,2,0,0,0,0,0,0.0,0.0,0.0,0.0,505.1415008248774,1494.858499175123
949,0,947,2,0,0,0,0,0,0.0,0.0,0.0,0.0,505.03449613488647,1494.965503865114
950,0,948,2,0,0,0,0,0,0.0,0.0,0.0,0.0,504.9276227467783,1495.0723772532222
951,0,949,2,0,0,0,0,0,0.0,0.0,0.0,0.0,504.8208803391552,1495.1791196608453
952,0,950,2,0,0,0,0,0,0.0,0.0,0.0,0.0,504.71426859179707,1495.2857314082034
953,0,951,2,0,0,0,0,0,0.0,0.0,0.0,0.0,504.6077871856554,1495.3922128143452
954,0,952,2,0,0,0,0,0,0.0,0.0,0.0,0.0,504.50143580284805,1495.4985641971525
955,0,953,2,0,0,0,0,0,0.0,0.0,0.0,0.0,504.3952141266531,1495.6047858733475
956,0,954,2,0,0,0,0,0,0.0,0.0,0.0,0.0,504.2891218415035,1495.710878158497
957,0,955,2,0,0,0,0,0,0.0,0.0,0.0,0.0,504.1831586329814,1495.8168413670192
958,0,956,2,0,0,0,0,0,0.0,0.0,0.0,0.0,504.07732418781256,1495.9226758121881
959,0,957,2,0,0,0,0,0,0.0,0.0,0.0,0.0,503.97161819386076,1496.0283818061398
960,0,958,2,0,0,0,0,0,0.0,0.0,0.0,0.0,503.8660403401224,1496.1339596598782
961,0,959,2,0,0,0,0,0,0.0,0.0,0.0,0.0,503.7605903167211,1496.2394096832795
962,0,960,2,0,0,0,0,0,0.0,0.0,0.0,0.0,503.65526781490195,1496.3447321850988
963,0,961,2,0,0,0,0,0,0.0,0.0,0.0,0.0,503.5500725270264,1496.4499274729744
964,0,962,2,0,0,0,0,0,0.0,0.0,0.0,0.0,503.44500414656676,1496.554995853434
965,0,963,2,0,0,0,0,0,0.0,0.0,0.0,0.0,503.3400623681011,1496.6599376318998
966,0,964,2,0,0,0,0,0,0.0,0.0,0.0,0.0,503.2352468873074,1496.7647531126934
967,0,965,2,0,0,0,0,0,0.0,0.0,0.0,0.0,503.130557400959,1496.8694425990418
968,0,966,2,0,0,0,0,0,0.0,0.0,0.0,0.0,503.02599360691863,1496.9740063930822
969,0,967,2,0,0,0,0,0,0.0,0.0,0.0,0.0,502.92155520413377,1497.078444795867
970,0,968,2,0,0,0,0,0,0.0,0.0,0.0,0.0,502.8172418926311,1497.1827581073696
971,0,969,2,0,0,0,0,0,0.0,0.0,0.0,0.0,502.7130533735116,1497.2869466264892
972,0,970,2,0,0,0,0,0,0.0,0.0,0.0,0.0,502.60898934894533,1497.3910106510555
973,0,971,2,0,0,0,0,0,0.0,0.0,0.0,0.0,502.5050495221662,1497.4949504778347
974,0,972,2,0,0,0,0,0,0.0,0.0,0.0,0.0,502.4012335974672,1497.5987664025338
975,0,973,2,0,0,0,0,0,0.0,0.0,0.0,0.0,502.2975412801951,1497.702458719806
976,0,974,2,0,0,0,0,0,0.0,0.0,0.0,0.0,502.1939722767457,1497.8060277232553
977,0,975,2,0,0,0,0,0,0.0,0.0,0.0,0.0,502.0905262945585,1497.9094737054425
978,0,976,2,0,0,0,0,0,0.0,0.0,0.0,0.0,501.9872030421123,1498.0127969578887
979,0,977,2,0,0,0,0,0,0.0,0.0,0.0,0.0,501.8840022289197,1498.1159977710813
980,0,978,2,0,0,0,0,0,0.0,0.0,0.0,0.0,501.7809235655227,1498.2190764344784
981,0,979,2,0,0,0,0,0,0.0,0.0,0.0,0.0,501.67796676348746,1498.3220332365136
982,0,980,2,0,0,0,0,0,0.0,0.0,0.0,0.0,501.5751315353998,1498.424868464601
983,0,981,2,0,0,0,0,0,0.0,0.0,0.0,0.0,501.47241759486025,1498.5275824051407
984,0,982,2,0,0,0,0,0,0.0,0.0,0.0,0.0,501.36982465647924,1498.6301753435218
985,0,983,2,0,0,0,0,0,0.0,0.0,0.0,0.0,501.26735243587245,1498.7326475641287
986,0,984,2,0,0,0,0,0,0.0,0.0,0.0,0.0,501.165000649656,1498.834999350345
987,0,985,2,0,0,0,0,0,0.0,0.0,0.0,0.0,501.062769015442,1498.9372309845592
988,0,986,2,0,0,0,0,0,0.0,0.0,0.0,0.0,500.9606572518334,1499.0393427481677
989,0,987,2,0,0,0,0,0,0.0,0.0,0.0,0.0,500.85866507842013,1499.141334921581
990,0,988,2,0,0,0,0,0,0.0,0.0,0.0,0.0,500.75679221577366,1499.2432077842275
991,0,989,2,0,0,0,0,0,0.0,0.0,0.0,0.0,500.655038385443,1499.344961614558
992,0,990,2,0,0,0,0,0,0.0,0.0,0.0,0.0,500.5534033099499,1499.4465966900511
993,0,991,2,0,0,0,0,0,0.0,0.0,0.0,0.0,500.45188671278436,1499.5481132872167
994,0,992,2,0,0,0,0,0,0.0,0.0,0.0,0.0,500.35048831840027,1499.6495116816006
995,0,993,2,0,0,0,0,0,0.0,0.0,0.0,0.0,500.24920785221076,1499.7507921477902
996,0,994,2,0,0,0,0,0,0.0,0.0,0.0,0.0,500.14804504058384,1499.851954959417
997,0,995,2,0,0,0,0,0,0.0,0.0,0.0,0.0,500.04699961083793,1499.953000389163
998,0,996,2,0,0,0,0,0,0.0,0.0,0.0,0.0,499.94607129123756,1500.0539287087634
999,0,997,2,0,0,0,0,0,0.0,0.0,0.0,0.0,499.8452598109889,1500.154740189012
1000,0,998,2,0,0,0,0,0,0.0,0.0,0.0,0.0,499.74456490023556,1500.2554350997655
